business_name,phone,address,city,state,rating,reviews,category,place_id
"Hayes & Sons Roofing LLC","+1726-227-7888","2218 Breezewood Dr, San Antonio, TX 78209","San Antonio","TX",4.8,83,"Roofing contractor","ChIJV8eMKyD1XIYROtMMN0IbWWQ"
"RoofAssistant","+1512-666-0527","118 Broadway # 626, San Antonio, TX 78205","San Antonio","TX",5,2,"Roofing contractor","ChIJnchsU9VfXIYR-yaPIQiFo6c"
"San Antonio Roofing","+1210-355-4225","207 Springwood Ln, San Antonio, TX 78216","San Antonio","TX",4.7,3,"Roofing contractor","ChIJTVDGDIVfXIYRRy5MURv0I-4"
"J.R Martínez roofing n remodeling","+1210-427-6418","302 Bradford Ave, San Antonio, TX 78228","San Antonio","TX",4.8,21,"General contractor","ChIJr6PbZ0RfXIYR7sgyAGbkKfo"
"Silver Creek Roofing Services","+1682-213-6994","158 Farmers Rd, Dallas, TX 75201","Dallas","TX",5,11,"Roofing contractor","ChIJ52HURLGZToYR2hJooHsh_O0"
"Elite Texas Roofing","+1214-810-4339","100 Crescent Ct Suite 700, Dallas, TX 75201","Dallas","TX",4.5,2,"Roofing contractor","ChIJi2RWukmZToYR-rZ4FsYtE9E"
"INVigorate Roofing","+1214-792-9848","1910 S Akard St, Dallas, TX 75215","Dallas","TX",5,11,"Roofing contractor","ChIJezlfu2WZToYR-cA1Giv0rrw"
"Princess' Construction inc","+1817-692-8614","3737 Atlanta St, Dallas, TX 75215","Dallas","TX",5,11,"Roofing contractor","ChIJ41ga1ayZToYRTH3yc32Fzsw"
"Greyhammer - Roofing & Construction","+1855-505-4739","1920 McKinney Ave #700, Dallas, TX 75201","Dallas","TX",4.6,11,"Roofing contractor","ChIJ72T4KTuZToYR4nhdHjGEkNQ"
"ACO Roofing & Gutters","","8035 E R L Thornton Fwy #269, Dallas, TX 75228","Dallas","TX",5,71,"Roofing contractor","ChIJL3e7rTEfTIYRXOk8vlif4vI"
"Azalea City Roofing & Construction","+1229-244-1339","990 South Saint Paul St, Dallas, TX 75201","Dallas","TX",4.2,6,"Roofing contractor","ChIJQ8g3cuVm7ogRZle91pVs4x4"
"Texas Roofing & Gutter Solutions.","+1469-490-3761","2112 Flora St, Dallas, TX 75201","Dallas","TX",4.6,9,"Roofing contractor","ChIJBYukng19ToYRVL2U5ZqoduA"
"Gallery Built Roofing","","6060 N Central Expy Suite 500, Dallas, TX 75206","Dallas","TX",4.9,186,"Roofing contractor","ChIJVVUljQ2fToYRhXvaTK_XwQM"
"Ortega Brothers Roofing & Remodeling","+1469-940-4249","6453 E Mockingbird Ln, Dallas, TX 75214","Dallas","TX",4.7,52,"Roofing contractor","ChIJYVw8S6ufToYRJXAc_N8BUjk"
"Reformed Roofing & Contracting","+1972-946-1775","5639 Dyer St Suite 200, Dallas, TX 75206","Dallas","TX",5,69,"Roofing contractor","ChIJKzIodvfiCIQRjtJOVCTkKgE"
"Quality Roofing Dallas.","+1844-557-8100","1602 Rowan Ave, Dallas, TX 75223","Dallas","TX",4.5,11,"Roofing contractor","ChIJT7QSZD6iToYR9qRxr0A3Fhw"
"Roof Repair Contractor","+1469-837-8083","250 W Lancaster Ave, Fort Worth, TX 76102","Fort Worth","TX",5,17,"Roofing contractor","ChIJ6wXEO-9xToYRTwomAaDkNv0"
"Roofers of Fort Worth","+1469-819-4382","315 W Magnolia Ave, Fort Worth, TX 76104","Fort Worth","TX",5,20,"Roofing contractor","ChIJyUjF4dhxToYRox_1tJV7wuw"
"Texas Best Roof Repair","+1817-383-8845","2336 Gravel Dr #652, Fort Worth, TX 76118","Fort Worth","TX",4.8,93,"Roofing contractor","ChIJIdypny55ToYRAv4HT2mVs6w"
"A1 Roofing Company","+1682-338-5275","4701 Brentwood Stair Rd, Fort Worth, TX 76103","Fort Worth","TX",5,24,"Roofing contractor","ChIJKeTjq117ToYRt6PLuCJ58io"
"A1 Roof Repairs Fort Worth","+1817-242-0401","4301 Weber St Apt. 305, Fort Worth, TX 76106","Fort Worth","TX",5,25,"Roofing contractor","ChIJO2k5ytd3ToYRoqf_E_XZglk"
"Perry Brothers Roof Repair","+1469-290-9297","3706 Alta Blvd, Fort Worth, TX 76133","Fort Worth","TX",4.9,43,"Roofing contractor","ChIJZdlTvAFtToYRb2ok8eMuPa0"
"Direct Roofing Company","+1469-837-8119","2301 Hudson St #117, Fort Worth, TX 76103","Fort Worth","TX",4.8,22,"Roofing contractor","ChIJCasIhANxToYRPUMPD56XZMs"
"JR Roofing Company","+1469-281-5226","2800 Stanley Ave, Fort Worth, TX 76110","Fort Worth","TX",5,21,"Roofing contractor","ChIJzc23hc1xToYRCFynVYv2V94"
"Balanced Roofing","+1817-771-3094","777 Main St Ste 600, Fort Worth, TX 76102","Fort Worth","TX",5,13,"Roofing contractor","ChIJO9lqfP9xToYRNsHt_M7xyqw"
"Direct Roofing Company Fort Worth","+1817-761-1275","2600 Western Center Blvd, Fort Worth, TX 76131","Fort Worth","TX",5,20,"Roofing contractor","ChIJe3RZURx3ToYRM5peTplUKyo"
"Fort Worth Roofing Professionals","+1469-848-5219","6901 N Beach St, Fort Worth, TX 76137","Fort Worth","TX",5,20,"Roofing contractor","ChIJObMlOwLZTYYR37CIW-56hJg"
"Shield Savers Restoration","+1972-503-4230","420 Throckmorton St #120, Fort Worth, TX 76102","Fort Worth","TX",5,12,"Roofing contractor","ChIJWx2k4aFxToYRouSZu80ZBGk"
"C2 Roofing & Construction","+1817-247-3107","6750 Locke Ave, Fort Worth, TX 76116","Fort Worth","TX",4.8,17,"Roofing contractor","ChIJR3Gn8xoDToYRPfIAbMMvoeA"
"Crossroads Roofing Co","+1346-359-5904","1509 Hawthorne St, Houston, TX 77006","Houston","TX",5,6,"Roofing contractor","ChIJf2j8jxLBQIYRPglrCjmW5RA"
"Wright Brothers Roofing","+1936-209-7110","5803 Gulf Fwy, Houston, TX 77023","Houston","TX",4.8,69,"Roofing contractor","ChIJs38C2f-_QIYRSJ22nrjFS-k"
"Cabrera & Sons LLC","+1346-478-6860","8556 Memorial Park Dr, Houston, TX 77055","Houston","TX",4.8,124,"Roofing contractor","ChIJ2Sic3C7FQIYRZ7lvhFfWYTc"
"Prominence Roofing Company","+1737-227-6870","800 Brazos St, Austin, TX 78701","Austin","TX",5,6,"Roofing contractor","ChIJixkLvpu1RIYRX1AyMjs9MKw"
"Austin City rooofers and more","","322 Congress Ave., Austin, TX 78701","Austin","TX",4.2,14,"Roofing contractor","ChIJ_488-KNFW4YRUpI87u92K3E"
"Balance Roofing Co","+1737-227-6869","604 W Oltorf St, Austin, TX 78704","Austin","TX",5,4,"Roofing contractor","ChIJvSZHD9S1RIYRI_zY7LUXEfo"
"TX TMZ Roofing, LLC","+1737-257-4713","2021 Guadalupe St #260, Austin, TX 78705","Austin","TX",5,7,"Roofing contractor","ChIJyUbTJcK1RIYRLYH9YIVYXpI"
"Neto’s Roofing LLC","+1915-283-1943","4928 Knox Dr, El Paso, TX 79904","El Paso","TX",4.9,42,"Roofing contractor","ChIJ14lgDRlR54YROV3OHGrepj0"
"Madrid & Co. Roofing","+1915-252-0358","7505 Lockheed Dr, El Paso, TX 79925","El Paso","TX",5,35,"Roofing contractor","ChIJKUvdY-38BYER0VsDiwHhg38"
"Grey Bird Roofing","+1915-297-3719","221 N Kansas St Suite 700, El Paso, TX 79901","El Paso","TX",5,3,"Roofing contractor","ChIJJ99XmsZZ54YRcaN5WNt7IIY"
"Recon Roofing","+1915-544-5555","700 N Stanton St 3rd Floor, El Paso, TX 79902","El Paso","TX",4.5,2,"Roofing contractor","ChIJ6VvpV-lZ54YRljAH0gy3PDE"
"USA General Contractors INC.","+1915-633-3339","1302 Gail Borden Pl Ste A-2, El Paso, TX 79935","El Paso","TX",4.7,16,"Roofing contractor","ChIJL6pNxARF54YRx9rubikCyws"
"Mlc Roofing And Construction","","5309 La Taste Ave, El Paso, TX 79924","El Paso","TX",4.8,22,"Roofing contractor","ChIJAQDMV11R54YRoV3wQ6psqHg"
"Varsity Roofing Group","+1915-248-5302","2030 Texas Ave, El Paso, TX 79901","El Paso","TX",5,2,"Roofing contractor","ChIJn90hULpb54YRuKpUNt8ZASU"
"Roofing & Construction","+1915-223-6972","123 Weston Brent Ln, El Paso, TX 79935","El Paso","TX",3.4,45,"Roofing contractor","ChIJufxMQJdE54YRQF6iWCW8FdA"
"DK Roofing & Construction LLC","+1915-875-4737","7500 N Loop Dr, El Paso, TX 79915","El Paso","TX",4.2,64,"Roofing contractor","ChIJuQDELphb54YRHFVeKPcvhEk"
"Paradise Construction","+1915-599-7149","","El Paso","TX",3.9,10,"Roofing contractor","ChIJy0t09CBq54YRWzLpThxobjQ"
"GRC Contractors LLC","+1915-799-3634","3 Butterfield Trail Blvd #121, El Paso, TX 79906","El Paso","TX",4.2,50,"Roofing contractor","ChIJEU9qPwZF54YR1t5XeQjGg4s"
"E & E Maintenance and Construction","+1915-706-6541","2313 Wyoming Ave, El Paso, TX 79903","El Paso","TX",5,2,"Roofing contractor","ChIJDbQl0nhZ54YRDFKv5NEDpxY"
"AJJ Cacho Roofing & Construction","+1915-626-8259","3800 Pershing Dr # A, El Paso, TX 79903","El Paso","TX",4,4,"Contractor","ChIJowDcwaVZ54YRVvIuH1-xUwQ"
"Campos Roof Systems","+1915-588-8038","4921 Titanic Ave, El Paso, TX 79904","El Paso","TX",4.3,12,"Roofing contractor","ChIJSadwmA1R54YR3qITyCI8gsk"
"Easy Roofing El Paso","+1815-296-4736","10719 Alcazar Ct, El Paso, TX 79935","El Paso","TX",5,2,"Roofing contractor","ChIJq6p6osdE54YRrLuZw8tP0A4"
"Arlington Roofing Experts","+1817-214-6464","120 S East St, Arlington, TX 76010","Arlington","TX",4.5,11,"Roofing contractor","ChIJAfLgztV9ToYR35mcd1vsc6U"
"Arlington Roof Repair","+1214-225-2281","819 E Park Row Dr #793, Arlington, TX 76010","Arlington","TX",3,2,"Roofing contractor","ChIJWXTwNgV9ToYRfnz0Zjt-rCA"
"Roofers of Arlington","+1682-286-7132","6600 Rivertrail Cir, Arlington, TX 76001","Arlington","TX",5,19,"Roofing contractor","ChIJv0uq2UNlToYRxnHOjdRbNMM"
"Hayes & Sons LLC","+1469-632-8010","550 W Jefferson St, Grand Prairie, TX 75051","Arlington","TX",4.9,81,"Roofing contractor","ChIJY8qXliiHToYRdgXlhEUtcV8"
"Inland Roofing and Exterior Experts","+1469-248-5082","101H Vinson St, Arlington, TX 76010","Arlington","TX",5,2,"Roofing contractor","ChIJbxtGceFjToYRVZtXl3gWTh8"
"JRS Roofing","+1817-806-8168","1604 Grace St, Arlington, TX 76010","Arlington","TX",5,3,"Roofing contractor","ChIJ0wKn_76HToYR4MSipRDmC_c"
"JG Roofing","+1832-414-2647","1701 Reever St, Arlington, TX 76010","Arlington","TX",4.4,14,"Roofing contractor","ChIJedpwJDOHToYRsm1iEO4Mr5U"
"Complete Exteriors LLC","+1817-470-1834","2103 E Mitchell St, Arlington, TX 76010","Arlington","TX",5,2,"Roofing contractor","ChIJJX2KU4uHToYRqi7Dfhsgo_0"
"M and M Roofing and Construction","","1910 Avalon Ln, Arlington, TX 76014","Arlington","TX",4.6,7,"Roofing contractor","ChIJrQus-wmIToYRVIijlWrt4SY"
"Alloy Plano Roofing Company","+1972-585-6750","1209 N Ave #4, Plano, TX 75074","Plano","TX",5,17,"Roofing contractor","ChIJWYGRWvMZTIYRjhkk4CXqIs4"
"Hi Tech Roofing and Construction","+1972-333-2135","Plano, TX 75074","Plano","TX",5,3,"Roofing contractor","ChIJI3QfLnYiTIYRTM1Y0SGtwO4"
"Chisholm Trail Roofing & Construction Texas","+1972-954-5322","101 E Park Blvd Suite 600, Plano, TX 75074","Plano","TX",5,12,"Roofing contractor","ChIJq6p65wEZTIYRwUZ-UORGqH0"
"Expert Roofing Plano","+1972-452-6424","1763 Montgomery Dr, Plano, TX 75075","Plano","TX",5,24,"Roofing contractor","ChIJjeWgl4IYTIYR7R7f9MTqZi0"
"Phoenix Roofing & Construction, Inc.","+1469-929-9314","1110 Summit Ave Suite #4, Plano, TX 75074","Plano","TX",4.7,28,"Roofing contractor","ChIJZ5gTHyMZTIYRwsdhMO9rXjI"
"Reliable Roofing Plano","+1972-440-4990","651 W 16th St, Plano, TX 75075","Plano","TX",4.8,8,"Roofing contractor","ChIJYUBVg1kZTIYR_ItEu4Qb59Y"
"Skyline Roofing Inc","+1210-361-0498","2375 Ashley Park Dr, Plano, TX 75074","Plano","TX",5,10,"Roofing contractor","ChIJLUlXBQYZTIYRLPtuVOzHo1M"
"The Quality Roofers","+1210-361-0497","1114 W Parker Rd, Plano, TX 75075","Plano","TX",5,13,"Roofing contractor","ChIJQ8WTg84ZTIYRz9X46RoGMbw"
"J-Town Roofing LLC","+1214-994-2489","8936 Cedar Breaks Dr, Plano, TX 75025","Plano","TX",5,23,"Roofing contractor","ChIJTW85jKw9TIYRIU42SD_91rE"
"Ultra Roof Repair Jacksonville","+1904-341-4613","1 E Independent Dr #3830, Jacksonville, FL 32202","Jacksonville","FL",5,8,"Roofing contractor","ChIJexZMA-u35YgRzfC5HOZkQpI"
"Alton Roofing Services, LLC","+1904-235-5224","5352 Hwy Ave, Jacksonville, FL 32254","Jacksonville","FL",4.7,70,"Roofing contractor","ChIJCQEqC9C55YgROupuz8aLhBc"
"Horizon Roofing Company","+1813-522-5206","401 E Jackson St, Tampa, FL 33602","Tampa","FL",5,3,"Roofing contractor","ChIJF4t-RpHFwogRT2iYdFFDMeo"
"Tampa Roofing Repair","+1239-456-0404","1602 River Dr, Tampa, FL 33603","Tampa","FL",4.8,12,"Roofing contractor","ChIJi6KD8qxZ2YARh6H00m-0dI8"
"Bravo Roofing & Gutters","+1813-923-3306","1507 W Cypress St, Tampa, FL 33606","Tampa","FL",5,10,"Roofing contractor","ChIJVVWlTlfVTYYRbjqJx1w8yrc"
"Hunter & Sons Roofing","+1813-320-4600","506 E Baker St, Tampa, FL 33603","Tampa","FL",4.8,6,"Roofing contractor","ChIJCfW56zzFwogRaho82zlT5-o"
"Hard Rock Roofing service","","306 E Tyler St, Tampa, FL 33602","Tampa","FL",5,4,"Roofing contractor","ChIJnapuFkDFwogRXVYA2aXpoBI"
"Ricky Johnson Roofing, Inc.","+1813-248-5103","3505 N 10th St, Tampa, FL 33605","Tampa","FL",4.4,8,"Roofing contractor","ChIJbWXfOznEwogRgSHHmaPHNu4"
"SOS Roofing Co","+1813-295-2794","1718 E 7th Ave b, Tampa, FL 33605","Tampa","FL",5,7,"Roofing contractor","ChIJjeIkJBlnhYARkWGCxtfJPXc"
"ROOKOZ ROOFING LLC","+1321-321-9368","155 S Court Ave UNIT 1114, Orlando, FL 32801","Orlando","FL",4.8,12,"Roofing contractor","ChIJjZLMCTJ754gRM-7fKfezPes"
"Direct Roofing Company","+1407-459-7746","646 W Smith St, Orlando, FL 32804","Orlando","FL",5,20,"Roofing contractor","ChIJ8VQmtVd754gRiKWqnSYvs4A"
"Four Seasons Roofing and Carpentry LLC","","520 E Church St Apt 721, Orlando, FL 32801","Orlando","FL",5,22,"Roofing contractor","ChIJ6doEt4R754gR0-BhYOuthoU"
"Optimal Green Roofing","+1800-481-9771","618 E South St STE 500, Orlando, FL 32801","Orlando","FL",5,22,"Roofing contractor","ChIJ34qMNpc5zicRdVPHHefBFxs"
"Florida Roofing Contractors","+1321-666-7099","4730 Rixey St, Orlando, FL 32803","Orlando","FL",3.5,11,"Roofing contractor","ChIJ6VRFfJov34cRY_Qc4nEHjcQ"
"GOAT Roofers","+1407-242-5082","1711 35th St, Orlando, FL 32839","Orlando","FL",5,9,"Roofing contractor","ChIJ7aNOxhV_54gRJ9yDFyPc8Tg"
"Roofers Core Builders","+1645-666-1250","1259 NW 7th St, Miami, FL 33125","Miami","FL",4.9,15,"Roofing contractor","ChIJa5V4mCq32YgRHLr26EkfwE4"
"Heritage Roof Care","+1305-330-3441","1101 Brickell Bay Dr, Miami, FL 33131","Miami","FL",5,3,"Roofing contractor","ChIJmRSuekO32YgRmeNDhr2W3ko"
"Atlantic Roofing Miami","+1786-401-8964","1001-1011 SW 27th Ave, Miami, FL 33135","Miami","FL",4.9,42,"Roofing contractor","ChIJgXyvKx232YgRIqtJ0qFTc0M"
"Paramount Roof Repairs","+1305-320-2978","801 Brickell Ave, Miami, FL 33131","Miami","FL",5,3,"Roofing contractor","ChIJTfIurcG32YgRn6NikqtmOos"
"Bayfront Roofing","+1786-550-0901","560 NW 29th St, Miami, FL 33127","Miami","FL",4.8,34,"Roofing contractor","ChIJj328EGe32YgRlB0jfopFO5Y"
"TerraRoof Repairs","+1786-320-8509","1390 Brickell Ave, Miami, FL 33131","Miami","FL",5,2,"Roofing contractor","ChIJH4qOhB232YgRqvIMD_fiFgI"
"The Miami Roofing Repair Heroes","+1786-917-5167","26 NE 1st Ave, Miami, FL 33132","Miami","FL",4.8,13,"Roofing contractor","ChIJVVUkp5622YgRLLbk9sVehfU"
"A+ Roofing Contractors Miami","+1786-284-6748","","Miami","FL",5,17,"Roofing contractor","ChIJUXCHNxOE1GoRT0K1GEXUyCI"
"BEST ROOFERS │ ROOFING COMPANY │ ROOFING CONTRACTOR","+1800-824-4440","1200 Brickell Ave Penthouse 2020, Miami, FL 33122","Miami","FL",4.2,35,"Roofing contractor","ChIJAQBwRYG22YgRp8tNNkD1zKM"
"Sunrise Pro Roofing Repair And Replacement And INC","+1645-215-3444","2607 NW 10th Ave Apt 202, Miami, FL 33127","Miami","FL",5,13,"Roofing contractor","ChIJc0GlerG32YgRfWuJAR2BCmI"
"Roofing & Multiple Services","+1786-259-1793","1228 NW 27th St, Miami, FL 33142","Miami","FL",4.8,39,"Roofing contractor","ChIJu7ZnSWW32YgRGMyeUj_LCq8"
"Pulido Contractors Corp. (Roofing Contractors)","+1305-492-3868","2821 NW 21st Ct, Miami, FL 33142","Miami","FL",5,3,"Roofing contractor","ChIJoVJeL9i32YgRu29-prm2KMA"
"ROOFING VGS LLC","+1954-228-6005","955 SW 6th St #3, Miami, FL 33130","Miami","FL",5,4,"Roofing contractor","ChIJITsrfmK32YgRpTyD4XmwTT4"
"Garcia & Sons Roofing Company","+1727-270-8100","7901 4th St N Suite 300, St. Petersburg, FL 33702","St. Petersburg","FL",4.7,9,"Roofing contractor","ChIJYxCRjEbnwogRmzUcWHv6okU"
"St. Petersburg Roofing Contractor, Roofing, Roofers","+1727-877-1273","","St. Petersburg","FL",5,8,"Roofing contractor","ChIJI55OGAHjwogRcwUIFKxP5Xk"
"Mitchell Roofing Company Llc","","3455 Tyrone Blvd N, St. Petersburg, FL 33710","St. Petersburg","FL",5,2,"Roofing contractor","ChIJ4Q5sPsj8wogRzTtt3l1SFMo"
"Cockney Roofing Inc","+1727-521-2222","6951 34th St N, St. Petersburg, FL 33702","St. Petersburg","FL",4.3,12,"Roofing contractor","ChIJdbpMDnDkwogRHopYoiXJM-c"
"Perfect Roofing & Insulations Services","+1727-436-3630","4220 13th Ln NE, St. Petersburg, FL 33703","St. Petersburg","FL",4.6,5,"Roofing contractor","ChIJH5wQt37kwogRtcQvyySSM8U"
"Expert Roofing Petersburg","+1727-436-3121","5521 Crissman Dr N St, St. Petersburg, FL 33714","St. Petersburg","FL",5,2,"Roofing contractor","ChIJ3dhowtgoToYRm1yEIQDyMiA"
"Bill Ramsey Roofing Inc","+1727-344-6071","St. Petersburg, FL 33743","St. Petersburg","FL",4,8,"Roofing contractor","ChIJf4eneizjwogR4nqNd_ncLQI"
"J F Sink & Sons Inc","+1813-405-5114","450 92nd Ave N #3146, St. Petersburg, FL 33702","St. Petersburg","FL",4.3,16,"Roofing contractor","ChIJw4ao45rmwogRNI0XlF-0cF4"
"Home Pros - Roofing & Energy Contractor - Solar","+1239-600-7177","3131 E Riverside Dr, Fort Myers, FL 33916","Fort Myers","FL",4.7,43,"Roofing contractor","ChIJcUZkXDtp24gRxrXt8hV0dN0"
"Sand Dollar Roofing, Inc","+1239-368-3900","3800 Fowler St #11, Fort Myers, FL 33901","Fort Myers","FL",4.8,39,"Roofing contractor","ChIJKYmWb11s24gR18tTCjLqCf0"
"MEI Attic-solution & insulation & roofing Services of FL","+1239-345-7270","2550 Dora St, Fort Myers, FL 33901","Fort Myers","FL",4.5,4,"Contractor","ChIJtcpeenRq24gRF217wjFbnJs"
"GRAB Attic Insulation & Roofing Services Co, FL","+1239-345-5901","2966 Market St, Fort Myers, FL 33916","Fort Myers","FL",4.6,5,"Contractor","ChIJlylRztBB24gRfEooy0i_8OA"
"BRY - Attic Insulation & Roofing Services Co, FL","+1239-347-2592","Fort Myers, FL 33901","Fort Myers","FL",5,3,"Roofing contractor","ChIJVVVVVcVB24gR9tDQgjkO5TQ"
"Fort Myers Roofing Services","+1239-518-4856","9360 6 Mile Cypress Pkwy, Fort Myers, FL 33966","Fort Myers","FL",4.6,11,"Roofing contractor","ChIJIYMxGm9t24gReuWuQoroQG4"
"Cape Coral Roofing and Sheet Metal Inc","+1239-771-3062","1520 SE 46th Ln C, Cape Coral, FL 33904","Cape Coral","FL",3.4,35,"Roofing contractor","ChIJvdY4KDVB24gRhKWSJq1QkOU"
"Roof Top Plus","+1239-744-2976","621 Cape Coral Pkwy E, Cape Coral, FL 33904","Cape Coral","FL",5,8,"Roofing contractor","ChIJzWllq9457m8RRSH98oH5Q0g"
"W","+1239-574-1490","3727 Del Prado Blvd S, Cape Coral, FL 33904","Cape Coral","FL",4.3,17,"Roofing contractor","ChIJWxYOtDZB24gR3dtUGBaM8gc"
"All Weather Roofing And Skylights","+1800-297-3758","1634 SE 47th St, Cape Coral, FL 33904","Cape Coral","FL",3,4,"Roofing contractor","ChIJ81PtXVc_24gRxytJWlfCRls"
"Star Roofing Contractor","+1239-388-2768","3621 SE 8th Ave, Cape Coral, FL 33904","Cape Coral","FL",4.5,8,"Roofing contractor","ChIJA3doh4hH24gROW7chdyQk4o"
"Florida Building Pros Inc.","+1239-349-2917","","Cape Coral","FL",4.6,67,"Roofing contractor","ChIJ_9-fJnJr24gRXe7qJkIGXeg"
"5 Starr Roofing Inc.","+1239-800-5813","1001 SE 12th Ct B, Cape Coral, FL 33990","Cape Coral","FL",4.8,24,"Roofing contractor","ChIJG4qRfpgV24gReDyDYw0SEFU"
"Costa’s Roofing & Construction","+1239-308-4008","1110 SE 12th Ct, Cape Coral, FL 33990","Cape Coral","FL",4.4,9,"Roofing contractor","ChIJ8Xx_lGRD24gRhDx6MRwHqX8"
"Kenan Roof Tile Supply","+1877-858-0989","1430 SE 17th Ave Suite 2, Cape Coral, FL 33990","Cape Coral","FL",3.7,3,"Roofing contractor","ChIJ_687nrFB24gR7G_ptrxH1RI"
"Elite Construction & Roofing","+1239-362-5709","","Cape Coral","FL",5,5,"Construction company","ChIJYxYopI9k5YwRKOcgpf_Qmno"
"Brandon Roofing Services Tallahassee","+1850-299-1525","1207 Eppes Dr, Tallahassee, FL 32304","Tallahassee","FL",5,9,"Roofing contractor","ChIJ9bkKXTKL7IgRLLOLcfex_8Q"
"Top Quality Roofing and Restoration Services","+1850-274-2539","737A Pointe Ct, Tallahassee, FL 32308","Tallahassee","FL",5,2,"Roofing contractor","ChIJES5_4lu57YgR1cKuZb_Sz-Q"
"Pantera Roofing","+1850-556-0843","8006 Ida Rd, Tallahassee, FL 32304","Tallahassee","FL",5,11,"Roofing contractor","ChIJEZng_azz7IgR09Dwe0qBNJs"
"Expert Roofers Tallahassee","","4826 6 Oaks Dr, Tallahassee, FL 32303","Tallahassee","FL",4.6,9,"Roofing contractor","ChIJwyNUYTjx7IgRMfE19LuvYrQ"
"Clear Choice USA-Tallahassee","+1850-894-6369","103 Boardwalk Ln, Tallahassee, FL 32301","Tallahassee","FL",5,2,"Roofing contractor","ChIJh1pDsFRe7IgRchWdb1HfE0s"
"Harrell Roofing LLC.","+1850-575-9564","3125 W Tharpe St, Tallahassee, FL 32303","Tallahassee","FL",3.7,6,"Roofing contractor","ChIJuXZ5nHf07IgRwlp2qfKOVdw"
"Pittman Roofing","+1850-509-4911","Tallahassee, FL 32303","Tallahassee","FL",4.3,6,"Roofing contractor","ChIJVVVVVUXx7IgRbTWyPHRcZ54"
"D-Buffing Dryer Vent & Air Vent and Chimney Sweep and Construction","+1448-209-2385","313 Williams St, Tallahassee, FL 32303","Tallahassee","FL",4.9,8,"General contractor","ChIJ83JABYP17IgR1oI--kz0F_s"
"Water Damage Tallahassee","+1239-448-5307","339 N Monroe St #125, Tallahassee, FL 32301","Tallahassee","FL",4,2,"Water damage restoration service","ChIJzcUWfXf17IgRbYsF8_nHTeI"
"Accent Pressure and Soft Washing","+1850-545-9278","","Tallahassee","FL",4.6,13,"Roofing contractor","ChIJtxyDQOde7IgR3LCDMpmnrM0"
"Quality Pest control service and Dryer vent & Air duct cleaning of FL","+1239-291-6776","111 W Bloxham St, Tallahassee, FL 32301","Tallahassee","FL",4.5,11,"Painter","ChIJfXftUYP17IgRVuM7xRXi3ME"
"Roof Soldier","+1334-866-0072","","Tallahassee","FL",5,9,"Roofing contractor","ChIJYffzZff17IgRMd7X_nBqE_Y"
"Outpost Roofing Company","+1803-525-5474","901 Berryhill Rd A, Charlotte, NC 28208","Charlotte","NC",5,5,"Roofing contractor","ChIJGVbPUgehVogRegNVnhkwgxw"
"Premier Roofing","+1704-340-1550","225 S Poplar St #1408, Charlotte, NC 28202","Charlotte","NC",4.7,15,"Roofing contractor","ChIJLyoZT_cjVIgRYbz-5tX_8d4"
"Watchman Roofing Co","+1803-525-5473","1504 Beatties Ford Rd, Charlotte, NC 28216","Charlotte","NC",5,5,"Roofing contractor","ChIJ2Zwg5gqhVogRm1LfIdq7Q1o"
"Cornerstone Construction - Roofing & Solar","+1704-476-1743","511 W Summit Ave, Charlotte, NC 28203","Charlotte","NC",4.4,7,"Roofing contractor","ChIJQxdkKs2fVogR8DPGAHUDTWw"
"Roofing And Siding Repair Tech LLC.","+1980-310-4983","5915 Hunters Crossing Ln, Charlotte, NC 28215","Charlotte","NC",4.8,33,"Roofing contractor","ChIJB2Y93kIfVIgRNSsOix6xd1c"
"Roofing Repair Charlotte","+1980-353-2983","1699 E 4th St, Charlotte, NC 28204","Charlotte","NC",4.2,23,"Roofing contractor","ChIJ0Xt9wUAgVIgRNs8n_c7sLVA"
"DIAMOND TOP ROOFING","+1704-713-1963","1512 Dean St, Charlotte, NC 28216","Charlotte","NC",5,4,"Roofing contractor","ChIJD5atrFmhVogR5dVB1ZG2Z18"
"Ritter Brothers Roof Repair","+1919-897-7861","4506 Louisburg Rd #9280, Raleigh, NC 27616","Raleigh","NC",4.8,76,"Roofing contractor","ChIJA9lyEBhZrIkR6iieEPnKTEo"
"United Roofing and Restoration","+1919-975-7663","324 S Wilmington St #147, Raleigh, NC 27601","Raleigh","NC",3.7,3,"Roofing contractor","ChIJ7-H5QHJfrIkRgFO6sU8pN2Y"
"TCB Roofing LLC","+1919-396-3819","308 S Blount St Apt 816, Raleigh, NC 27601","Raleigh","NC",5,5,"Roofing contractor","ChIJ_1XNB9ZfrIkR5cdtu_iskjg"
"Quality Roofing Raleigh","+1844-602-0784","2603 Glenwood Ave, Raleigh, NC 27608","Raleigh","NC",4.3,7,"Roofing contractor","ChIJQw_d3Bn2rIkR0Ua-eCpKCRU"
"Gallery Built Roofing","+1919-307-6747","8601 Six Forks Rd Unit 400, Raleigh, NC 27615","Raleigh","NC",5,36,"Roofing contractor","ChIJlbb2ceJZrIkREnFj7fET7Uo"
"To Serve Contracting, LLC","","4605 Oleander Dr, Wilmington, NC 28403","Wilmington","NC",4.7,76,"Roofing contractor","ChIJrRocDd_zqYkRnCf-wnZg8fg"
"Wilmington Roofing Company","+1910-622-3225","105 Portwatch Way suite e, Wilmington, NC 28412","Wilmington","NC",5,3,"Roofing contractor","ChIJ8fTQuKb1qYkRzCVYnLlM6rM"
"Southern Coast Roofing LLC","+1910-239-8666","4403 Oleander Dr c174, Wilmington, NC 28409","Wilmington","NC",5,2,"Roofing contractor","ChIJk50gW2_1qYkRf8qzgDg4X1I"
"JEM Roofing Company","+1910-469-0064","","Wilmington","NC",5,21,"Roofing contractor","ChIJKX1tH9dh40URSJKT7pjovu4"
"C & C Roofing and Restoration Inc","+1888-920-9559","1213 Culbreth Dr STE 113, Wilmington, NC 28405","Wilmington","NC",4.7,17,"Roofing contractor","ChIJWddaUNDzqYkRSldO13OjmnA"
"Wilmington Roofing Services","+1910-637-6464","3809 Peachtree Ave Suite 201, Wilmington, NC 28403","Wilmington","NC",4.3,6,"Roofing contractor","ChIJA_sdzZyKqYkRR9x98dlVHRs"
"Metal & Shingle Roofing Experts","+1910-541-4859","1536 Castle Hayne Rd #5, Wilmington, NC 28401","Wilmington","NC",5,9,"Roofing contractor","ChIJC7VDPOKLqYkRPbp4mJ0UcD8"
"Roof Assurance Carolina","+1910-581-5746","108 N Kerr Ave, Wilmington, NC 28405","Wilmington","NC",3.9,11,"Roofing contractor","ChIJe0YQlK_1qYkRiM_o4tK98Xk"
"McLean Coastal Roofing","+1910-808-9365","925 S Kerr Ave suite I-5, Wilmington, NC 28403","Wilmington","NC",5,3,"Roofing contractor","ChIJ2YoyTOP1qYkRku_2jhkJdm0"
"J&J Coastal Construction LLC","+1910-367-8349","4800 Maple Ave #8, Wilmington, NC 28403","Wilmington","NC",5,4,"Construction company","ChIJ7R7L3Sr1qYkR5GxvulQvvkI"
"Aguila Roofing LLC","+1910-515-6337","4701 Wrightsville Ave #3-201, Wilmington, NC 28403","Wilmington","NC",5,3,"Roofing contractor","ChIJQRt7kqr1qYkR5G3avOuwswA"
"Foolproof Roofing & Repairs Residential And commercial","+1910-232-2151","407 Maides Ave Apt. C, Wilmington, NC 28405","Wilmington","NC",5,4,"Roofing contractor","ChIJiYHyU_31qYkR9TX6Fxd15fo"
"Sure Roofing Solutions","+1984-298-2301","110 Corcoran St, Durham, NC 27701","Durham","NC",5,23,"Roofing contractor","ChIJgU-Si_nlrIkR-zC_3ojyOPc"
"The Young Roofing Co. Inc.","+1919-682-0483","403 Morris St, Durham, NC 27701","Durham","NC",4.3,6,"Sheet metal contractor","ChIJzRCZDXPkrIkRyB8W0PuSW_8"
"Referrals Roofing LLC.","+1919-220-3648","212 Corcoran St, Durham, NC 27701","Durham","NC",4.7,13,"Roofing contractor","ChIJS32NCXLkrIkRQIu_CWLjJV8"
"Durham's Finest Roofing","","914 Corona St, Durham, NC 27707","Durham","NC",5,6,"Roofing contractor","ChIJ65skM4HjrIkRhaoCUUc9U5Q"
"Budd Piper & Durham Roofing Inc","+1919-682-2121","1309 E Geer St, Durham, NC 27704","Durham","NC",4,4,"Roofing contractor","ChIJyUPOSm_krIkRSQgcsM-6-hk"
"G L Rigsbee Roofing-Guttering","+1919-383-9190","3609 Rivermont Rd, Durham, NC 27712","Durham","NC",5,2,"Roofing contractor","ChIJU3uxNQDhrIkRUbEz5jopUU0"
"Jeff","+1919-937-6681","2202 Sparger Rd, Durham, NC 27705","Durham","NC",5,2,"Roofing contractor","ChIJq6pultvgrIkRNfCumzO4c54"
"Lozano Roofing Inc.","+1919-717-2578","","Durham","NC",5,14,"Roofing contractor","ChIJxa5WsDPfrIkRUueL57oqrgY"
"D.E.C. Restorations","+1800-884-3329","2530 Meridian Pkwy Suite 300, Durham, NC 27713","Durham","NC",4.8,24,"Roofing contractor","ChIJveLVbmXvrIkRj3Q65o_O_PY"
"Five Star Roofing & Exteriors","+1919-259-5898","","Durham","NC",4.4,27,"Roofing contractor","ChIJmZqtjdzgrIkRFnSxomj95uQ"
"Indigenous Contracting Services","+1919-491-5180","208 N Briggs Ave, Durham, NC 27703","Durham","NC",4.8,11,"Roofing contractor","ChIJNaiZcXHlrIkRCz3fBwGqHoU"
"Triangle Restorations LLC","+1919-600-8685","412 E Pilot St, Durham, NC 27707","Durham","NC",5,3,"General contractor","ChIJy1f9-qnlrIkR_7new4qavGk"
"Escobar's Construction","+1919-225-7411","","Durham","NC",4.8,4,"Roofing contractor","ChIJj1taw8XlrIkRjLK1je0Akx4"
"Big Brother Roofing LLC","+1919-904-8040","","Durham","NC",5,15,"Roofing contractor","ChIJiWI5S8HlrIkRnYmOPg5lDxc"
"P&C FRAMING LLC","+1919-282-2866","2818 Cheek Rd, Durham, NC 27704","Durham","NC",5,10,"Construction company","ChIJgdkwKpb7rIkRyQu4uHPls0o"
"R&B Durham Roofing","+1919-694-6796","","Durham","NC",5,2,"Roofing contractor","ChIJsSpyBejlrIkRf7MqMGjVAWM"
"Zeal Roofing and Construction LLC","+1984-888-3545","","Durham","NC",4.2,5,"Roofing contractor","ChIJlUJUls_D6W0Rq2UV0_kIOus"
"Major League Construction Inc.","+1336-256-9236","1451 S Elm-Eugene St #3219, Greensboro, NC 27406","Greensboro","NC",4.7,15,"Roofing contractor","ChIJ98_IA28ZU4gRuNSQj5tv6Kk"
"Oxendine & Son Roofing Co","+1336-292-2416","1702 Holbrook St, Greensboro, NC 27403","Greensboro","NC",4.9,20,"Roofing contractor","ChIJG3z6omUZU4gRgjTVzL1lARU"
"Greensboro Roofing","+1336-316-0084","299 Edwardia Dr, Greensboro, NC 27409","Greensboro","NC",4.3,4,"Roofing contractor","ChIJ83icCA4bU4gR2Q8Azn4omBU"
"Premier Construction & Roofing","+1336-430-9507","3420 Battleground Ave, Greensboro, NC 27410","Greensboro","NC",3.7,3,"Roofing contractor","ChIJ__90TzccU4gRGTtQbrpcDmc"
"336 Roofing Company","+1336-501-1745","5400 Tory Hill Dr, Greensboro, NC 27410","Greensboro","NC",5,4,"Roofing contractor","ChIJX1o_CkchU4gR3EDR6X8Zmqg"
"Plata Contruction","+1336-814-7769","2422 W Florida St, Greensboro, NC 27403","Greensboro","NC",5,3,"Roofing contractor","ChIJK5z8M5kbU4gRW8surG6FBuU"
"Quality Pro Roofers LLC","+1336-646-2676","3316 Immanuel Rd, Greensboro, NC 27407","Greensboro","NC",5,12,"Construction company","ChIJgZ787dEbU4gRIdV2LuO7Gx8"
"Next Generation Roofing","+1336-681-4173","3211 Donnell St, Greensboro, NC 27405","Greensboro","NC",5,2,"Roofing contractor","ChIJ_wdbOQjGOSsRTRbpVVUD9hQ"
"International roofing and remodeling","+1336-337-3292","2617 W Court St, Greensboro, NC 27407","Greensboro","NC",4,4,"Roofing contractor","ChIJETzICdQbU4gREdaN5aL0b5s"
"Toby's Vinyl Siding & Roofing","+1336-988-6525","1301 Hickory Ave, Greensboro, NC 27405","Greensboro","NC",4,4,"Roofing contractor","ChIJcztsLQ0fU4gRJFocbXtPJbU"
"Pulse Roofing Co","+1678-941-8330","1201 W Peachtree St NW, Atlanta, GA 30309","Atlanta","GA",5,4,"Roofing contractor","ChIJSZNzoJYF9YgR3l7GdWwA078"
"Sustain Roofing Repairs","+1719-312-7191","730 Peachtree St NE, Atlanta, GA 30308","Atlanta","GA",5,2,"Roofing contractor","ChIJ2_IAUooF9YgRS_AHty1s9Nk"
"Roofing Contractors Atlanta: Roof Replacement, Repair, Installation & Clean Up Experts","+1470-575-8637","933 Lee St SW, Atlanta, GA 30310","Atlanta","GA",5,7,"Roofing contractor","ChIJK7nkiMkD9YgR0m40pbfcnNA"
"Paramount Roofing Inc","+1404-220-8667","221 South Ave SE, Atlanta, GA 30312","Atlanta","GA",5,2,"Roofing contractor","ChIJ0dwTJ7wD9YgRAF_yotG5GUU"
"ROOFING COMPANY IN Atlanta, GA","+1470-789-9370","3565 Piedmont Rd NE, Atlanta, GA 30305","Atlanta","GA",5,2,"Roofing contractor","ChIJ__-_MWEP9YgRWTnzIcCPx70"
"Atlanta Roofing Construction","+1678-500-6600","1690 Chantilly Dr NE, Atlanta, GA 30324","Atlanta","GA",3.9,18,"Roofing contractor","ChIJe67I6wwG9YgRKh-h-5XBH-w"
"Top Notch Home Improvement","+1404-405-0258","Atlanta, GA 30312","Atlanta","GA",5,2,"General contractor","ChIJq6qqqpMD9YgRdc5hJJg9LIA"
"Savannah Roofing Contractors","+1912-205-8081","312 W Saint Julian Street, Savannah, GA 31401","Savannah","GA",5,6,"Roofing contractor","ChIJUR9rFfef-4gRL24eh5mU16g"
"Porter Family Roofers LLC","+1912-500-6200","1414 SE 36th St, Savannah, GA 31404","Savannah","GA",4.8,9,"Roofing contractor","ChIJv3NDPVif-4gRueQ8K1UxnMY"
"Action Roofing and Siding Co","+1912-436-5064","102 Juniper Cir, Savannah, GA 31419","Savannah","GA",4.8,23,"Roofing contractor","ChIJgZh_pZN0-4gRvLo4dv6EhOU"
"ABC Maintenance Services Inc","+1912-233-6772","106 Estus Dr, Savannah, GA 31404","Savannah","GA",4.7,3,"Roofing contractor","ChIJufrk-L2d-4gRnqKJPHIiPB0"
"Coastal Roofing Company Inc","+1912-966-2524","8 N Coastal Hwy A, Port Wentworth, GA 31407","Savannah","GA",5,4,"Roofing contractor","ChIJ13NQFwqi-4gRYTw7W7Tk38o"
"Konstrukt Savannah","+1912-412-4177","","Savannah","GA",4.7,14,"Construction company","ChIJWz7YlCSe-4gRHKVk3-THMF4"
"Waterscape Pressure Cleaning","+1912-432-9638","21 W Charlton St, Savannah, GA 31401","Savannah","GA",5,153,"Pressure washing service","ChIJJZTAU78-nI4RD-f_jv_TxLY"
"Garden City Roofing, Siding and Windows","+1706-910-3696","2219 Crestwood Dr, Augusta, GA 30904","Augusta","GA",5,8,"Roofing contractor","ChIJf9ZurHLN-YgRKuM44gQ3zPQ"
"ACE Roofing Company Augusta","+1706-251-9131","2620 Georgetown Dr, Augusta, GA 30906","Augusta","GA",4.8,20,"Roofing contractor","ChIJx5OTHxPR-YgRoGW_oxR9vjw"
"Augusta Roofing Contractors","+1706-730-2966","1318 Meigs St, Augusta, GA 30904","Augusta","GA",4.2,10,"Roofing contractor","ChIJdbe8a2bO-YgRCqcKBkiEAls"
"Raborn's Roofing & Restoration","+1706-814-3207","537 Martin Ln, Augusta, GA 30909","Augusta","GA",3.8,6,"Roofing contractor","ChIJS6e1A3jS-YgRCfJtfzO5tlA"
"Augusta Roofing Experts","+1877-595-7797","3497 Wheeler Rd, Augusta, GA 30909","Augusta","GA",3,24,"Roofing contractor","ChIJRS2tYf_S-YgRDaOxUEYHNes"
"North Augusta Roofing Services","+1888-853-0994","515a Georgia Ave, North Augusta, SC 29841","Augusta","GA",3.7,6,"Roofing contractor","ChIJE-WdVJrM-YgRTtEVTteThSQ"
"John-John the Roof Sweeper","+1706-495-9328","2418 Antebellum Dr A, Augusta, GA 30906","Augusta","GA",5,2,"Roofing contractor","ChIJXXuIpMXR-YgRNAmdx0XKNsE"
"Sergio's Roofing LLC","+1803-508-9129","13 Gardenia Ct, North Augusta, SC 29841","Augusta","GA",5,2,"Roofing contractor","ChIJHyxdzQjL-YgRVTNYeq7A-Gc"
"Burgess Built Construction LLC","+1706-294-2915","3318 Mundy Rd, Augusta, GA 30906","Augusta","GA",5,25,"Construction company","ChIJj9-HqBTP-YgR_gKW9HGigNI"
"J's Full Service Roofing & Home Improvements","+1706-699-1142","1532 Mt Pleasant Rd, Thomson, GA 30824","Augusta","GA",4.9,80,"Roofing contractor","ChIJNfLaFKFz94gRWFluAov7OtY"
"Amen Roofing","+1706-739-4449","","Augusta","GA",5,10,"Roofing contractor","ChIJ374b6ZZvs0oR05K-RfZ_pu4"
"Todd Chapman Roofing","+1706-330-7667","994 Timber Creek Way, Columbus, GA 31904","Columbus","GA",4.9,103,"Roofing contractor","ChIJnQda9rvMjIgR9y1zx9PFcXo"
"GRC Roofing LLC","+1706-505-9654","1225 19th St, Columbus, GA 31901","Columbus","GA",5,9,"Roofing contractor","ChIJyWxSLsfAjCoRbZLbGW8y2dU"
"Straightline GA","+1706-587-0147","1900 Hill St, Columbus, GA 31906","Columbus","GA",4.1,9,"Roofing contractor","ChIJp-YvxUDVwggRPjDPXNkMcSM"
"Torres Roofing","+1706-593-5711","2353 Elm Dr, Columbus, GA 31907","Columbus","GA",4.2,18,"Roofing contractor","ChIJM5qBG00t84gRFAI2E_e5GpA"
"Anchor Roofing","+1706-326-2438","11 Patricia Dr, Phenix City, AL 36869","Columbus","GA",4.2,24,"Roofing contractor","ChIJp9CWr-_PjIgRlK8TkqlUDRw"
"Kevin's Roofing & Remodeling","+1706-393-6073","","Columbus","GA",4.4,41,"Roofing contractor","ChIJ1xkFaEzLjIgRv-isKfHGIZM"
"Muscogee Roofing Co","+1706-563-1325","4603 Harbin St, Columbus, GA 31907","Columbus","GA",4.5,2,"Roofing contractor","ChIJGylKP-Ey84gRp28OrRQupOM"
"DHP Homes Roofing","+1706-412-8867","1 Veterans Pkwy, Columbus, GA 31904","Columbus","GA",5,5,"Roofing contractor","ChIJ-VAeF5t2Pa4RbvVYsNeEkeQ"
"Chapin Construction Roofing Painting & Siding","+1706-442-8047","420 Yuchi Ave, Columbus, GA 31907","Columbus","GA",5,7,"Roofing contractor","ChIJfa9dPZMz84gR1ogQ273m--E"
"Greer Home Solutions - General Contractor","+1706-761-3254","1508 Morris Rd, Columbus, GA 31907","Columbus","GA",4.5,77,"Roofing contractor","ChIJ14XRU6vMjIgRk7IZeDFX-Rg"
"Antonio Construction","+1706-330-0464","1685 Forestside Dr, Columbus, GA 31907","Columbus","GA",5,7,"Siding contractor","ChIJx7yWaEAz84gR4sK9pKoy15Q"
"Columbus Roofing Inc","+1706-563-0166","","Columbus","GA",4,4,"Roofing contractor","ChIJ12zMAtwy84gRP0eAiv29J38"
"Vicente Roofing Painting","+1706-289-6379","2909 21st Ave, Phenix City, AL 36867","Columbus","GA",5,5,"Roofing contractor","ChIJc7ISm-HNjIgRfl9WDRm2OGw"
"Brock Jones, Inc.","+1706-327-1125","1047 14th St, Columbus, GA 31901","Columbus","GA",4.7,7,"Home builder","ChIJIRWfawbNjIgRcMWkYnoiQrQ"
"Quality Essential Renovations, LLC","+1706-718-7564","1256 Metro Dr, Columbus, GA 31907","Columbus","GA",3.7,19,"Roofing contractor","ChIJtbGc0Lwz84gR0hKulAJ0yP8"
"Little Roofing & Home Renovations","+1706-393-6073","Columbus, GA 31904","Columbus","GA",4.2,5,"Roofing contractor","ChIJVVVVVaXLjIgRC-lHyhy4d5w"
"A1roofman","+1888-766-3626","","Columbus","GA",3.3,23,"Roofing contractor","ChIJ8QE1aLfPjIgRexaO0JFpDsk"
"KC Roofing & Construction","+526648141587","","Columbus","GA",4.3,12,"Roofing contractor","ChIJceVGUKvMjIgRsMvj-IrFy8s"
"Mel's Remodeling LLC","+1706-464-2191","4415 Evans St, Columbus, GA 31907","Columbus","GA",4.5,8,"Water damage restoration service","ChIJtQjSXvPMjIgR96C-_SXHnxM"
"Fns construction","+1706-562-4586","1257 Metro Dr, Columbus, GA 31907","Columbus","GA",3.7,6,"Roofing contractor","ChIJH7enIgUz84gR8HyaNtmfNuY"
"Gary Mills Cabinet's Painting Roofing","+1706-562-5926","","Columbus","GA",5,59,"Roofing contractor","ChIJ4968gCHs6gcRWs20E0i4WJ0"
"Valley Home & Lawn","","2806 1st Ave, Phenix City, AL 36867","Columbus","GA",4.9,15,"Roofing contractor","ChIJPygEKAvNjIgRFg3Y0JNj64Q"
"Walton Roofing & Roof Repairs","+1706-687-6095","","Columbus","GA",3.9,8,"Roofing contractor","ChIJhcalzETNjIgROdDVHLMBBAU"
"Arizona Professional Roofing & Construction","+1602-312-2863","2404 W Turney Ave, Phoenix, AZ 85015","Phoenix","AZ",4.6,20,"Roofing contractor","ChIJVcqISHMTK4cRmo58o9a5HZU"
"Asher's Fast Roofers","+1602-671-3720","805 E Turney Ave #751, Phoenix, AZ 85014","Phoenix","AZ",4.9,52,"Roofing contractor","ChIJXZ9flvQTK4cRftxF-Eu-pXg"
"Pelican Power Construction","+1602-300-1962","4836 E McDowell Rd #103, Phoenix, AZ 85008","Phoenix","AZ",4.8,71,"Roofing contractor","ChIJoxc_UesNK4cR4IFqGJXPuEc"
"Myers Mobile Home Roofing","+1602-470-0787","4234 E Darrow St, Phoenix, AZ 85042","Phoenix","AZ",4.8,13,"Roofing contractor","ChIJW5sgg3wPK4cRWEUAqAwlVP8"
"Irma's Roofing Inc","+1602-400-2312","518 N 16th Ave, Phoenix, AZ 85007","Phoenix","AZ",4.7,9,"Roofing contractor","ChIJa7AkFTMSK4cRhH2ICnIPdis"
"Tucson Roofing Contractors","+1888-720-3830","2025 N Oracle Rd, Tucson, AZ 85705","Tucson","AZ",4,15,"Roofing contractor","ChIJD-CFeVNx1oYRFfSfB7dc61k"
"Reliable Roofing Tucson","+1888-317-3892","455 W Kelso St, Tucson, AZ 85705","Tucson","AZ",4.2,17,"Roofing contractor","ChIJBXr8dOF21oYR_6Yqm5DLsxI"
"SkylinePeak Roofing","+1520-303-3488","1 S Church Ave, Tucson, AZ 85701","Tucson","AZ",5,2,"Roofing contractor","ChIJaSRTUopx1oYRL-v9HKsXP9Y"
"Umbrella Roofing, LLC","+1520-792-8479","1804 S Euclid Ave, Tucson, AZ 85713","Tucson","AZ",4.6,11,"Roofing contractor","ChIJ2bl3Q9tw1oYRE-dGWE6fjzY"
"Tucson Roofing Solutions","+1877-884-7914","3508 E Glenn St, Tucson, AZ 85716","Tucson","AZ",4.7,17,"Roofing contractor","ChIJsUCsPB1v1oYRBM2I4Ls7yI0"
"Optimistic Tucson Roofing Contractors: Roof Replacement, Repair, Installation & Attic Services LLC","+1888-317-3892","1503 E Prince Rd unit a, Tucson, AZ 85719","Tucson","AZ",5,11,"Roofing contractor","ChIJJ_ZS_6tz1oYRsLj9q8nGuWU"
"Express Roofing LLC","+1480-226-4245","1640 S Davis, Mesa, AZ 85210","Mesa","AZ",4.9,117,"Roofing contractor","ChIJiQMTsR2oK4cRSTsQ8WNy4_k"
"Hot Top Roofing","+1480-322-8968","4856 E Baseline Rd, Mesa, AZ 85206","Mesa","AZ",5,15,"Roofing contractor","ChIJic1UPfWGeyURO61d_arJ1vY"
"Roofing Repair Guy Mesa Az Contractors","+1480-788-9389","","Mesa","AZ",5,4,"Roofing contractor","ChIJu7v6_5tgB0cRmlRn4ZM7VSg"
"LoveOurRoof, an Xcel Company","+1480-387-9466","1833 W Main St STE 110, Mesa, AZ 85201","Mesa","AZ",4.8,43,"Roofing contractor","ChIJ7yXo9mZvK4cREOJ53kIXWzw"
"Seco Roofing","","557 E Juanita Ave #5, Mesa, AZ 85204","Mesa","AZ",4.5,15,"Roofing contractor","ChIJyd-MsT-pK4cRYMu6PTiGhhk"
"#1 Desert Roofing","+1480-963-6151","572 N Cheri Lynn Dr, Chandler, AZ 85225","Chandler","AZ",4.8,35,"Roofing contractor","ChIJVVVVVSWqK4cRHWlkh_moRJU"
"Houston Family Roof Architecture","+1480-531-6981","231 E Chilton Dr #1100, Chandler, AZ 85225","Chandler","AZ",4.7,64,"Roofing contractor","ChIJAZ7fZHGpK4cRYrbL0aATtSA"
"Regal Roofing Chandler","","324 W Thompson Pl, Chandler, AZ 85286","Chandler","AZ",5,3,"Roofing contractor","ChIJIVvQ87CrK4cRwhtDWDpcsHQ"
"Solid Force Roofing LLC","+1480-440-7824","102 N 132nd St, Chandler, AZ 85225","Chandler","AZ",5,2,"Roofing contractor","ChIJLYyZv9GrK4cRJswFydPjC8o"
"Express Roofing LLC","+1480-226-4245","1640 S Davis, Mesa, AZ 85210","Chandler","AZ",4.9,117,"Roofing contractor","ChIJiQMTsR2oK4cRSTsQ8WNy4_k"
"Arizona Pro Roofing","+1480-221-7398","","Chandler","AZ",4.2,25,"Roofing contractor","ChIJGWxZi0SrK4cRbxGs8NPocgU"
"Reid’s Home Improvements","+1480-278-5746","702 E Chandler Blvd #11, Chandler, AZ 85225","Chandler","AZ",5,5,"Contractor","ChIJIfs3JpKrK4cRZlEGqPCnmLI"
"The Handy Roofer","+1480-261-7803","","Chandler","AZ",4.4,13,"Roofing contractor","ChIJZQ-5Im2qK4cR87bGnmoTRyk"
"Sun State Home Improvements","+1602-791-0447","","Chandler","AZ",3.5,4,"Roofing contractor","ChIJ_VoWwSOrK4cR7wNW8OhxXyM"
"Frank Family Roofers","+1480-618-7363","8111 E Thomas Rd #7610, Scottsdale, AZ 85251","Scottsdale","AZ",4.7,62,"Roofing contractor","ChIJp_9MLzcLK4cR6NsTxOOpQBw"
"Ready Roofing AZ","+1602-751-3114","29455 N Cave Creek Rd suite 118-447, Cave Creek, AZ 85331","Scottsdale","AZ",5,131,"Roofing contractor","ChIJSe0sWEZ7K4cR7EMoyLg9Js0"
"Express Roofing LLC","+1480-226-4245","1640 S Davis, Mesa, AZ 85210","Scottsdale","AZ",4.9,117,"Roofing contractor","ChIJiQMTsR2oK4cRSTsQ8WNy4_k"
"Nu Look Metal Roof Systems","+1480-607-9606","9815 N 66th Pl, Scottsdale, AZ 85253","Scottsdale","AZ",5,4,"Roofing contractor","ChIJCxEGfb10K4cRkBJ6ftl3mCM"
"OTTO's ROOFING & RESTORATION","+1480-297-1980","7431 E Polk St, Scottsdale, AZ 85257","Scottsdale","AZ",5,2,"Roofing contractor","ChIJbf8pCjkJK4cRvZwX0trJ3mU"
"Pelican Power Construction","+1602-300-1962","4836 E McDowell Rd #103, Phoenix, AZ 85008","Scottsdale","AZ",4.8,71,"Roofing contractor","ChIJoxc_UesNK4cR4IFqGJXPuEc"
"The Repair Guys L.L.C.","+1602-501-7653","4022 E Greenway Rd Rm # 11, Phoenix, AZ 85032","Scottsdale","AZ",4.5,13,"Roofing contractor","ChIJNRT_UH5xK4cR7bS2NZW8DmQ"
"Nashville Roofing Services","+1423-512-6201","211 12th Ave N, Nashville, TN 37203","Nashville","TN",5,15,"Roofing contractor","ChIJUUnZwj8rXIgRv7Dkxnx7D_I"
"ACA Construction LLC","+1931-854-1811","6003 Baltic Dr, Hermitage, TN 37076","Nashville","TN",5,146,"Roofing contractor","ChIJCfEtMRFrZIgRiRVvamKLG4k"
"Roofing in Nashville","+1615-719-7895","3212 West End Ave, Nashville, TN 37203","Nashville","TN",5,5,"Roofing contractor","ChIJ8bv7OaxmZIgRcST8F73MURA"
"S&J Roofing, LLC","+1615-753-8055","2010 Herman St A, Nashville, TN 37208","Nashville","TN",4.8,5,"Roofing contractor","ChIJAx7xdsRmZIgR3qgoOhgcT0w"
"Quality Roofing Nashville","+1888-419-9743","520 Merritt Ave, Nashville, TN 37203","Nashville","TN",3.6,5,"Roofing contractor","ChIJZaBM4uFlZIgRRiwWzn6gPbk"
"Josh Roofing Nashville","+1888-668-1581","2301 Riverside Dr, Nashville, TN 37216","Nashville","TN",4.6,9,"Roofing contractor","ChIJPZBAHklBZIgRelBjmbSjt-s"
"Green Star Home Remodeling","+1615-247-6464","222 2nd Ave S Floor 17, Nashville, TN 37201","Nashville","TN",5,4,"Roofing contractor","ChIJy59eQGVnZIgRKNTIVyk7sT8"
"Pyle Development","","2600 Clifton Ave, Nashville, TN 37209","Nashville","TN",5,5,"General contractor","ChIJT7VR1UpnZIgRb2XKLBF0z5o"
"Memphis Roofing and Gutter","+1901-698-6404","55 S Danny Thomas Blvd, Memphis, TN 38103","Memphis","TN",4.1,14,"Roofing contractor","ChIJpyksbol2f4gR9tjqPj18fbs"
"legacy roofing llc","+1901-270-0330","2298 Young Ave, Memphis, TN 38104","Memphis","TN",4.6,7,"Roofing contractor","ChIJRRI2zNp2FAwRmKICo9oeU2w"
"MHM ROOFING","+1662-667-6361","3715 S Perkins Rd, Memphis, TN 38118","Memphis","TN",5,13,"Roofing contractor","ChIJjZp9u7aFf4gRc2vrKUaxYJY"
"Wayne's Professional New Roof","+1662-671-0778","","Memphis","TN",5,4,"Roofing contractor","ChIJE7-vXI1-1YcRxaO93rGu5rc"
"Quality Roofing Co","+1901-396-6038","3244 S Third St, Memphis, TN 38109","Memphis","TN",4.5,2,"Roofing contractor","ChIJI0RXPb581YcRrgBzeByfngw"
"Jackie Carroll's Roofing","+1901-833-4712","1578 North Pkwy, Memphis, TN 38112","Memphis","TN",4,4,"Roofing contractor","ChIJIcrkjiN-1YcRfTDGgmjb1T4"
"Discount Roofing","+1901-690-0729","512 Gerald Rd, Memphis, TN 38122","Memphis","TN",5,8,"Roofing contractor","ChIJ74xsruGDf4gRuI4Vh4vxj5k"
"Apple Roofing","+1901-239-7190","2988 N Radford Rd, Memphis, TN 38114","Memphis","TN",4.8,4,"Roofing contractor","ChIJly26Jz2Hf4gRPnmod7Xuo24"
"Alliance roofing and remodel contractor","+1423-501-9856","7151 Memphis Arlington Rd, Bartlett, TN 38135","Memphis","TN",5,28,"Roofing contractor","ChIJsbrNA4V3f4gR1VLfz8p9juc"
"Elite Roofing Co Inc","+1901-323-5105","3206 Park Ave, Memphis, TN 38111","Memphis","TN",5,3,"Roofing contractor","ChIJkVcYVtyGf4gRI5ONlOkWmFc"
"Roof Doctor","+1901-246-7284","Memphis, TN 38134","Memphis","TN",5,2,"Roofing contractor","ChIJAQAAAMCCf4gRAO0bqlEwkAc"
"Carroll's Roofing","+1901-859-3342","Memphis, TN 38106","Memphis","TN",3,2,"Roofing contractor","ChIJ_____0961YcR8BinuDEnut8"
"RoofScapes LLC","+1865-394-8457","3925 Fountain Valley Dr, Knoxville, TN 37981","Knoxville","TN",5,125,"Roofing contractor","ChIJDfd91YPub0oRdiltObOsz88"
"East Tennessee Roofers","+1865-226-3355","8209 Elderberry Dr NW #7, Knoxville, TN 37919","Knoxville","TN",5,6,"Roofing contractor","ChIJScBor4slXIgR51u6_YCzScA"
"Alpha Concepts Roofing","+1865-577-0029","1116 Sevier Ave, Knoxville, TN 37920","Knoxville","TN",4.5,8,"Roofing contractor","ChIJjw8CVLwXXIgRF66UKYsXPJg"
"Clean Roof LLC","+1865-868-7663","402 N Cedar Bluff Rd #1, Knoxville, TN 37923","Knoxville","TN",5,34,"Roofing contractor","ChIJDSdSGVgvXIgRW0cj4gVJWZw"
"Affordable Roofing Solutions","+1865-315-1493","2517 Julian Ln, Knoxville, TN 37914","Knoxville","TN",5,18,"Roofing contractor","ChIJ3068BPcRXIgRwwescTA1b-U"
"MDM CONSTRUCTION, LLC","+1865-805-7770","3727 S Creek Rd, Knoxville, TN 37920","Knoxville","TN",5,8,"Roofing contractor","ChIJhdE_Tjg9XIgRmvjavnWClEM"
"Chattanooga Roofing Experts","+1844-554-8966","511 McCallie Ave, Chattanooga, TN 37403","Chattanooga","TN",5,11,"Roofing contractor","ChIJT3uIqCddYIgRQ1JsWWBD-rk"
"Chattanooga Roofing and Gutter","+1423-501-9856","308 W 4th St, Chattanooga, TN 37402","Chattanooga","TN",4.4,14,"Roofing contractor","ChIJ3ZsniUF8YIgR6Sz1YXgQ2_g"
"Chattanooga Roofing Repair","+1423-512-6201","10 W 8th St, Chattanooga, TN 37402","Chattanooga","TN",3,10,"Roofing contractor","ChIJj6elgvz1YIgRP5aKT9BjXEE"
"Reliable Roofing Chattanooga","+1888-419-5009","3475 Brainerd Rd, Chattanooga, TN 37411","Chattanooga","TN",5,4,"Roofing contractor","ChIJT_Qo_NVmYIgRSC4QEfSy4RA"
"Chattanooga Roofing Contractors","+1866-669-2323","4103 Rossville Blvd, Chattanooga, TN 37407","Chattanooga","TN",4.7,3,"Roofing contractor","ChIJWViMq5tnYIgRyYkWpR1pwck"
"Top This Construction","+1423-432-4490","5319 Spriggs St, East Ridge, TN 37412","Chattanooga","TN",4.7,64,"Roofing contractor","ChIJbaAM-fdlYIgRuhCi2TpC5r8"
"Steve's Roofing","+1423-240-6943","4000 Game Reserve Rd, Chattanooga, TN 37405","Chattanooga","TN",4.6,10,"Roofing contractor","ChIJVVVVVZX3YIgR0YnCYoA9VLI"
"e a r roofing and remodeling","+1423-902-8232","2131 E 28th St, Chattanooga, TN 37407","Chattanooga","TN",4,4,"Roofing contractor","ChIJAxltgSxdYIgRd3o_LXP33o4"
"ASG Construction LLC","+1423-507-4315","3725 Fountain Ave, Chattanooga, TN 37412","Chattanooga","TN",5,3,"Roofing contractor","ChIJWwhmE0hnYIgR3SowsU-tcZM"
"Holden Roofing Company","+1423-486-3739","6215 Laguana Dr, Chattanooga, TN 37416","Chattanooga","TN",5,3,"Roofing contractor","ChIJ_0uxbxdjYIgRUg1QPxx3ie0"
"Tennessee Roofing & Siding","+1931-906-3565","2033 Baldwin Pl, Clarksville, TN 37043","Clarksville","TN",3.8,18,"Roofing contractor","ChIJV8oK_TjfZIgRJYbmCTYhBL0"
"Area Wide Roofing","+1931-320-1340","221 Foster St, Clarksville, TN 37040","Clarksville","TN",4.2,5,"Roofing contractor","ChIJc1kXRbbZZIgRM9O0Df8byfs"
"Steve Christy's Roofing","+1931-648-4492","325 Davis Ln, Clarksville, TN 37040","Clarksville","TN",4.3,13,"Roofing contractor","ChIJmQ0Ef2TXZIgRBdjosDBVbiM"
"Horizon Roofing LLC","+1828-200-3744","135 Country Ln, Clarksville, TN 37043","Clarksville","TN",5,13,"Roofing contractor","ChIJ-RBUJCV5gS0RmV7gCTFAwBQ"
"Blackbeard Roofing","+1606-404-2103","286 Clear Sky Ct B, Clarksville, TN 37043","Clarksville","TN",4.8,6,"Roofing contractor","ChIJOw3OL6jfZIgRmAZWZ3nVqns"
"Jr roofing,guttering,siding/home repairs","+1931-553-9090","1878 Cumberland Heights Rd, Clarksville, TN 37040","Clarksville","TN",3.4,14,"Roofing contractor","ChIJv8SSLafZZIgRsGAecg9qQGE"
"Crosslin Brothers Roofing","+1931-551-5392","2268 Pea Ridge Rd, Clarksville, TN 37040","Clarksville","TN",4.4,8,"Roofing contractor","ChIJqSO1DJjYZIgRLJ_P3EQnfrM"
"GM Roofing,llc","+1931-217-9807","880 Lennox Rd, Clarksville, TN 37042","Clarksville","TN",4,4,"Roofing contractor","ChIJI6_bZcrZZIgR-uK3lP8Mzl8"
"Young's Roofing & Siding","+1931-216-0130","3541 Barkers Mill Rd, Clarksville, TN 37042","Clarksville","TN",3.7,3,"Roofing contractor","ChIJV54HjVsmZYgREodl3XCP5p0"
"Mimms Roofing","+1931-980-7916","3491 Guthrie Hwy, Clarksville, TN 37040","Clarksville","TN",4.3,11,"Roofing contractor","ChIJ32qDWe4gZYgRR89_OIlltDQ"
"Modern Heating Cooling Roofing","+1931-647-0815","1371 Ashland City Rd, Clarksville, TN 37040","Clarksville","TN",3.3,20,"Roofing contractor","ChIJs5yMZ4XZZIgREksAR8A3Wy4"
"Exteriors By Williams","+1931-320-4447","3536 Teal Dr, Clarksville, TN 37042","Clarksville","TN",4.5,2,"Roofing contractor","ChIJ4ToctkQmZYgRthccUvBHYuQ"
"Extreme Exteriors Now","","628 Linda Ln, Clarksville, TN 37042","Clarksville","TN",4.1,14,"Roofing contractor","ChIJjYLPMUopZYgRLUDlu35M2n0"
"PFM Construction & Roofing LLC","+1615-509-2250","B Cobra In, 1435 Cobra Ln, Clarksville, TN 37042","Clarksville","TN",3.4,10,"Roofing contractor","ChIJc1kXRbbZZIgRS3iwpl24tps"
"USA Contracting Co.","+1931-218-6519","711 Providence Blvd, Clarksville, TN 37042","Clarksville","TN",5,2,"Contractor","ChIJ042zw3bXZIgRr_uBjN-4kAI"
"DC Home Solutions","+1931-516-3848","","Clarksville","TN",5,69,"Painting","ChIJnbN6wGa_uw4RQkC0569dync"
"DP Exteriors","+1931-801-8854","","Clarksville","TN",5,5,"Construction company","ChIJz8cG--1rqqUR9jUU2Icuzbs"
"Oklahoma City Roofing Repair","+1405-337-8812","131 Park Ave, Oklahoma City, OK 73102","Oklahoma City","OK",4.2,115,"Roofing contractor","ChIJLaNHe14OsocRqrrRnqZZ8QU"
"Grand Roofing Company LLC","+1405-334-9475","7301 Broadway Ext, Oklahoma City, OK 73116","Oklahoma City","OK",4.4,8,"Roofing contractor","ChIJyftZXIMZsocRxlOR_ZpRcHI"
"All Seasons Roofing, Inc","+1405-550-6953","1912 SW 11th St, Oklahoma City, OK 73108","Oklahoma City","OK",5,2,"Roofing contractor","ChIJxwDtLuMRsocRvIRLAVgQfYw"
"Bedrock Contracting","+1405-808-7525","4 NE 10th St #504, Oklahoma City, OK 73104","Oklahoma City","OK",5,5,"Roofing contractor","ChIJVRpdTzoXsocRRHGxFWumtk4"
"Tulsa Roofing Repair","+1405-442-7297","913 S Detroit Ave, Tulsa, OK 74120","Tulsa","OK",4.2,14,"Roofing contractor","ChIJcYgHegSTtocRJO3VMsx1qDw"
"Rocker Roofing","+1918-998-1966","110 S Hartford Ave Suite 2501, Tulsa, OK 74120","Tulsa","OK",3.6,26,"Roofing contractor","ChIJ1U-2htjrtocRMIeabcRXvdE"
"Clevenger Roofing Contractor","+1539-200-8100","4254 E 78th St, Tulsa, OK 74136","Tulsa","OK",4.8,18,"Roofing contractor","ChIJY4BLTZ6TtocR13ja5Z8QcY8"
"Tulsa Roofing and Gutters","+1405-442-7358","1320 N Wheeling Ave, Tulsa, OK 74110","Tulsa","OK",4,20,"Roofing contractor","ChIJ0y9kfmnstocR8UsoJW5zy7Y"
"Marvelous Roofs","+1918-265-4154","3314 E 51st St #8000, Tulsa, OK 74135","Tulsa","OK",4.9,51,"Roofing contractor","ChIJZ9XR51mTtocRCD-b-faJQWM"
"Quality Roofing Tulsa","+1866-643-1305","2809 S Harvard Ave, Tulsa, OK 74114","Tulsa","OK",4.2,5,"Roofing contractor","ChIJKxVyJ9mStocRO_4jsaap7WA"
"Tulsa Quality Roofing","+1844-569-6510","9820 E 41st St #301, Tulsa, OK 74146","Tulsa","OK",4.8,12,"Roofing contractor","ChIJCQeuGKmMtocR0g2B3N1x9hE"
"Brothers Co Roofing","+1918-747-4828","2716 S Delaware Pl, Tulsa, OK 74114","Tulsa","OK",4,2,"Roofing contractor","ChIJq6qqqtHstocRvMNfLi-FRbE"
"M&E ROOFING LLC","+1405-766-9242","1521 N Lewis Pl, Tulsa, OK 74110","Tulsa","OK",5,5,"Roofing contractor","ChIJbWZ6_ATttocRwLYnMyfjzAI"
"Waller Brothers Roofing & Construction","+1539-666-7486","5834 S 129th E Ave #1882, Tulsa, OK 74134","Tulsa","OK",4.7,38,"Roofing contractor","ChIJnYGI5AWNtocRstpsPCSKHls"
"Reliable Roofing Tulsa","+1844-557-4932","1310 E 58th St, Tulsa, OK 74105","Tulsa","OK",3,6,"Roofing contractor","ChIJs2aiAKiWtocRXKXL_eYWoYk"
"Pros Roofing Denver","+1720-513-8130","1422 Delgany St #168, Denver, CO 80202","Denver","CO",5,4,"Roofing contractor","ChIJ1_mp1It5bIcRTqkxwWXZZFY"
"Superior Roofing Company Denver","+1205-701-1007","695 S Colorado Blvd #162, Denver, CO 80246","Denver","CO",5,4,"Roofing contractor","ChIJcerTXFx_bIcRcdwybtQE-qI"
"Roofing Construction of Denver","+1719-563-6273","1625 Champa St, Denver, CO 80202","Denver","CO",4,8,"Roofing contractor","ChIJ7xdJjfODbIcRiN4JD6VafdA"
"Front Range Tile Roofing","+1720-212-7382","720 16th St Mall, Denver, CO 80202","Denver","CO",5,2,"Roofing contractor","ChIJvXE0-DF5bIcRCHLEsQlvbIc"
"Thomas Brothers Remodeling","+1719-745-5100","915 E Colfax Ave, Denver, CO 80218","Denver","CO",4.8,68,"Roofing contractor","ChIJ1zArfDd5bIcRXY6kV7g3WbM"
"Exceptional Roofing","+1303-535-3829","2336 N Ogden St, Denver, CO 80205","Denver","CO",4.6,14,"Roofing contractor","ChIJUdYZXV95bIcR4_DFofRvTck"
"Denver Repair","+1983-203-8087","964 Santa Fe Dr, Denver, CO 80204","Denver","CO",4.6,11,"Roofing contractor","ChIJV8OTDNR5a4cRaHlHuR5JWjg"
"Denver's Local Roofers","+1303-535-3829","1450 1/2 S Humboldt St, Denver, CO 80210","Denver","CO",4.8,25,"Roofing contractor","ChIJ6wvt-lKFbIcRT6TcPCS8_v0"
"BlackPine Roofing","+1303-834-7574","3225 Blake St UNIT 29, Denver, CO 80205","Denver","CO",5,3,"Roofing contractor","ChIJV6Bfkqad5SMRroeW-nTQqJg"
"Hernandez & Sons Roof Repair","+1719-800-4555","830 Tenderfoot Hill Rd, Colorado Springs, CO 80906","Colorado Springs","CO",4.8,79,"Roofing contractor","ChIJ9xG6Gt1FE4cRbxrZAVHe32I"
"Mountain Springs Roofing Company","+1719-695-0705","1757 S 8th St BSMT, Colorado Springs, CO 80905","Colorado Springs","CO",3.9,14,"Roofing contractor","ChIJq6qqqi5bE4cRhilwEdHqKSA"
"Angel Roofing CO LLC","+1719-877-6631","6510A S Academy Blvd Unit 329, Colorado Springs, CO 80906","Colorado Springs","CO",4.6,11,"Roofing contractor","ChIJAcMOhsFDE4cR5QzlwMwHPtY"
"Impact Roofing","+1719-432-5870","445 E Cheyenne Mountain Blvd #369, Colorado Springs, CO 80906","Colorado Springs","CO",4.8,48,"Roofing contractor","ChIJr2D7s9VEE4cRZjbIMfGiLN4"
"Paskos High-Caliber Service","+1719-304-1450","1726 Ivy Pl, Colorado Springs, CO 80905","Colorado Springs","CO",5,13,"Roofing contractor","ChIJK3-Iqj5FE4cR5SV54q3zaqM"
"High Peak Roofing, LLC.","+1719-455-4505","2301 E Platte Ave, Colorado Springs, CO 80909","Colorado Springs","CO",5,3,"Roofing contractor","ChIJAQA0MAATQYcRWLX7rA9o26s"
"Las Vegas Roofing Service","+1877-414-7510","601 Rancho Cir, Las Vegas, NV 89107","Las Vegas","NV",4.9,16,"Roofing contractor","ChIJ_7x98uvDyIARFaXbQYOPspA"
"Pro Roofing Las Vegas","+1877-414-7510","2370 Rock Slide Cir, Las Vegas, NV 89115","Las Vegas","NV",4.9,33,"Roofing contractor","ChIJ-x0PMk3dyIAR9RePDEId5lA"
"Five Star Roofing","+1628-229-3639","3601 W Sahara Ave, Las Vegas, NV 89102","Las Vegas","NV",5,2,"Roofing contractor","ChIJA_17QuDByIARipxf6H8zoW4"
"Chavarria Roofing","+1725-307-8409","4474 E Baltimore Ave, Las Vegas, NV 89104","Las Vegas","NV",5,2,"Contractor","ChIJVVWR2UbbyIARgESHmOPMAMo"
"Peak Roofing Services","+1702-276-5483","13 Rose Cir, North Las Vegas, NV 89030","Las Vegas","NV",3,2,"Roofing contractor","ChIJW9XNSQDDyIAR3oxPJuQ9YTk"
"Las Vegas Roofing Solutions","+1702-403-1991","4170 S Decatur Blvd, Las Vegas, NV 89103","Las Vegas","NV",3.7,7,"Roofing contractor","ChIJ__-_eIDGyIAR2e08Pe96emY"
"FT Construction & Roofing","+1702-889-1688","2929 S Decatur Blvd, Las Vegas, NV 89102","Las Vegas","NV",3.3,6,"Roofing contractor","ChIJh90_PkvByIARZoqSnMD-ZeU"
"Rivera Roofing & Construction LLC","+1702-538-6008","","Las Vegas","NV",4.9,174,"Roofing contractor","ChIJVVUJFq7syIARjKkkHikdNdY"
"Quality Roofing Las Vegas","+1725-202-6996","4209 Fidus, Las Vegas, NV 89103","Las Vegas","NV",3.5,11,"Roofing contractor","ChIJmRore3fGyIARjrTxUNJmZTE"
"Origins Contracting & Roofing LLC","+1910-909-4650","","Las Vegas","NV",5,24,"Roofing contractor","ChIJYSzaDOl6cywR_X8RN17YKlA"
"Las Vegas Roofing Services","+1702-403-1699","4965 W Tropicana Ave, Las Vegas, NV 89103","Las Vegas","NV",3,6,"Roofing contractor","ChIJVefs-HnGyIARNmBFgwj6zZk"
"Henderson Roofing Services","+1725-202-6929","110 Haynes Dr, Henderson, NV 89015","Henderson","NV",3.9,22,"Roofing contractor","ChIJ15I0pJbWyIARakxZ1uswGRc"
"Henderson Roofing Repair Team","+1702-276-5482","76 W Horizon Ridge Pkwy #127, Henderson, NV 89012","Henderson","NV",4.2,5,"Roofing contractor","ChIJrSKqinrVyIARn5XqiJpGgak"
"Ohana Roofing LLC","+1909-323-9816","","Henderson","NV",5,43,"Roofing contractor","ChIJ2dHbvkDPyIARk9yOfxEOcsg"
"Black canyon roofing","+1702-293-5650","1319 Boulder City Pkwy, Boulder City, NV 89005","Henderson","NV",4.5,15,"Roofing contractor","ChIJN3TXCbTUzoARrgCrcBqtWJY"
"A-1 All Weather Roofing","+1702-456-5072","Henderson, NV 89014","Henderson","NV",3.5,2,"Roofing contractor","ChIJVVVVVVnQyIAR_PBJ8yvmtx4"
"Sol Roofing LLC","+1702-413-8721","","Henderson","NV",5,18,"Roofing contractor","ChIJYWdM-Ms9lKIRv6pmLWCOREE"
"Cootware Services","+1725-258-9444","","Henderson","NV",5,8,"Car detailing service","ChIJawLRZLCHt4ERlL1rPF812Nw"
"Quail Ridge by Harmony Homes","","312 Quail Finch Dr, Henderson, NV 89012","Henderson","NV",4.1,17,"Home builder","ChIJceXaYjnVyIARpqUudDk1l1Q"
"Brock Roofing and Remodeling","+1205-504-9196","1628 9th St NE suite 108, Leeds, AL 35094","Birmingham","AL",5,88,"Roofing contractor","ChIJCYcX-CRtiYgRbj6OhFigPbE"
"Magic City Roofing, Inc.","+1205-595-6630","4720 1st Ave N, Birmingham, AL 35222","Birmingham","AL",3,2,"Roofing contractor","ChIJfTKyTfQaiYgRFxA8fkqJccg"
"A-1 Metal Roofing - Roof Replacement, Roofing Service, Birmingham, AL","+1659-201-7286","1220 3rd St W, Birmingham, AL 35204","Birmingham","AL",3,2,"Roofing contractor","ChIJzfxvOpcbiYgRubnCnpJz4oE"
"Birmingham Roofing & Sht Metal","+1205-322-3491","624 Goldwire Way SW, Birmingham, AL 35211","Birmingham","AL",5,3,"Roofing contractor","ChIJI-EJEh4ciYgRSPG3heKqBOg"
"Shelby Roofing","+1205-900-7505","4000 Eagle Point Corporate Dr, Birmingham, AL 35242","Birmingham","AL",5,4,"Roofing contractor","ChIJUaErxgYWiYgReKXaQakFd40"
"Roofers Mart Southeast Inc.","+1205-942-9538","429 Industrial Ln, Birmingham, AL 35211","Birmingham","AL",4.5,19,"Roofing contractor","ChIJR9kbbvweiYgR-dJOfdFLtzc"
"Roof Riders","+1205-334-4580","105 Vulcan Rd, Homewood, AL 35209","Birmingham","AL",5,15,"Roofing contractor","ChIJW6pGSaiJ4oER_b0iZ2ZadN4"
"Stratus Roofing Services","+1205-202-2281","225 Oxmoor Cir Suite 813, Birmingham, AL 35209","Birmingham","AL",4.1,22,"Roofing contractor","ChIJW4QE7CcPiYgRBikHDi-i9Ck"
"Highmark Roofing Services","+1251-645-8277","3935 Government Blvd Suite C, Mobile, AL 36693","Mobile","AL",4.2,19,"Roofing contractor","ChIJ58emf_Csm4gRu94s6AS4Fm4"
"Coastal Roofing LLC","+1251-490-2097","Mobile, AL 36602","Mobile","AL",5,2,"Roofing contractor","ChIJ_____xNQmogRuPudrKBfKjE"
"A-1 Roofing & Construction","","3568 Dauphin Island Pkwy, Mobile, AL 36605","Mobile","AL",3.9,16,"Roofing contractor","ChIJ-xzwRE5JmogRsJIb-5Aqja4"
"Pelican Roofing","+1251-725-3375","","Mobile","AL",4.4,17,"Roofing contractor","ChIJAQDwretCmogRypWIxINr1xc"
"1st Choice Painting & Roofing Contractor","","6520 Shady Ln, Mobile, AL 36695","Mobile","AL",4.7,26,"Roofing contractor","ChIJy32vAROzm4gRzgkWRX3fzBQ"
"Dobson Sheet Metal & Roofing","+1251-479-3755","2911 Mill St, Mobile, AL 36607","Mobile","AL",4,4,"Roofing contractor","ChIJ7-FKEnNSmogRjG--8GmtxbY"
"Graham Roofing Co","+1251-479-2900","721 Euclid Ave, Mobile, AL 36606","Mobile","AL",5,5,"Roofing contractor","ChIJPWQpQ9hNmogR1fEvfCwUhjc"
"Summers Roofing & Construction Co., Inc","+1251-633-6698","8231 Zeigler Blvd, Mobile, AL 36608","Mobile","AL",5,5,"Roofing contractor","ChIJSY0KZvetm4gRoneuccdFyBQ"
"VHI Roofing Services","+1251-518-6069","2480 Government St, Mobile, AL 36606","Mobile","AL",5,5,"Roofing contractor","ChIJl8ChiIJNmogRhv8YX7xuD50"
"Caine Roofing & Repair","+1251-660-0903","4230 Mill House Creek Dr, Mobile, AL 36619","Mobile","AL",4.3,12,"Roofing contractor","ChIJbRAzsX60m4gR-xcGN_3aYJk"
"Damon Lett Roofing","+1251-473-2356","553 Holcombe Ave, Mobile, AL 36606","Mobile","AL",4.2,5,"Roofing contractor","ChIJY3VwmXVOmogRNebGs-qtq3o"
"JC Roofing of Mobile","+1251-250-0785","","Mobile","AL",5,2,"Roofing contractor","ChIJSQbd-fOzm4gRA7uXA1CpfKU"
"Coulson Roofing & Sheet Metal","","5580 Rayco Rd, Theodore, AL 36582","Mobile","AL",4.1,20,"Roofing contractor","ChIJ63_F48nKm4gR7pHhh8mswF4"
"Quality Siding Co","+1251-473-4849","2986 Eslava Creek Pkwy, Mobile, AL 36606","Mobile","AL",4,2,"Siding contractor","ChIJQZOAcr5NmogRxuwEBGuoJlY"
"Roofers Mart Southeast, Inc.","+1251-378-3670","6775 Old Rock Rd, Theodore, AL 36582","Mobile","AL",5,6,"Roofing contractor","ChIJpfNy0Fu1m4gRkzMhMdYckCE"
"Mobile Roofing & Construction","","7151 Airport Blvd, Mobile, AL 36608","Mobile","AL",3.7,3,"Roofing contractor","ChIJVaL68WKym4gRlQKvEtL_dLo"
"Big Moore Roofing Contractor","+1251-456-8780","924 Dunlap Cir, Mobile, AL 36610","Mobile","AL",3.1,7,"Roofing contractor","ChIJ_3-Pt35RmogRvOzmXYJa0KQ"
"Reelentless Construction, LLC","+1251-443-1119","6190 Rangeline Rd, Theodore, AL 36582","Mobile","AL",5,5,"Roofing contractor","ChIJb6QSl6pLmogRx3gjpVH6jh8"
"Roofing Repair Orleans","+1504-318-9505","1114 Tchoupitoulas St, New Orleans, LA 70130","New Orleans","LA",4.7,11,"Roofing contractor","ChIJPdjd4pimIIYRxzr0i7llUCs"
"New Orleans Roofing and Gutters","","635 Baronne St, New Orleans, LA 70113","New Orleans","LA",5,10,"Roofing contractor","ChIJVVVBFD-mIIYRO0vHnsVLWUA"
"Jubilee Construction","+1504-276-5454","201 St Charles Ave, New Orleans, LA 70170","New Orleans","LA",4.4,15,"Roofing contractor","ChIJNZksqHunIIYRwfXsjxbWJPs"
"New Orleans Roofing and Siding","+1225-398-8144","500 St Andrew St, New Orleans, LA 70130","New Orleans","LA",4,8,"Roofing contractor","ChIJQWh_gtanIIYRpLW1Ig9r5_k"
"Fleur De Roofs","+1504-420-3888","973 S Genois St, New Orleans, LA 70125","New Orleans","LA",5,4,"Roofing contractor","ChIJHYuXBxelIIYR4iTP11T93TM"
"Lainez Construction","+1504-453-3535","1334 Hancock St, Gretna, LA 70053","New Orleans","LA",5,14,"Roofing contractor","ChIJ2W7EXHenIIYRFgxeItz1KkI"
"Time for Construction","+1504-648-7494","","New Orleans","LA",5,3,"Roofing contractor","ChIJxUSO_VV2d4QRlxCA8o_o--I"
"Roof Repair and Leak Experts Plus - Nola LLC","+1504-688-1738","2217 Rose Dr, Gretna, LA 70053","New Orleans","LA",4.2,5,"Roofing contractor","ChIJxbMufIZHzQYRW9w3ZVwWYCc"
"Gerdes Roofing, LLC","+1504-222-6301","1739 St Bernard Ave, New Orleans, LA 70116","New Orleans","LA",4.2,5,"Siding contractor","ChIJW43XIqioIIYRAR236NkOJ1o"
"Usner Brothers Inc","+1504-895-6696","2845 Magazine St, New Orleans, LA 70115","New Orleans","LA",5,2,"Roofing contractor","ChIJA_y_ZC2kIIYRmnhnWMnPLhs"
"National Roofing & Siding Co.","+1504-821-7780","5421 S Tonti St, New Orleans, LA 70125","New Orleans","LA",4.3,6,"Roofing contractor","ChIJIUxWJFClIIYRT78S4DU5Yho"
"Coastal Roofing & Sheetmetal Co.","+1504-509-8482","6245 Westbank Expy Suite 49, Marrero, LA 70072","New Orleans","LA",4.7,13,"Roofing contractor","ChIJfx_knWOlIIYR0B00KcSD9OY"
"Travis Roofing Supply","+1504-309-3000","5501 Jefferson Hwy, New Orleans, LA 70123","New Orleans","LA",4.7,50,"Roofing supply store","ChIJTUcuhvS6IIYRR1SFGfxig9U"
"Roof Nola","+1504-439-9259","","New Orleans","LA",5,14,"Roofing contractor","ChIJg4ipTKCGm0ARCMSKRg8uQLw"
"Top Roofing LLC","","549 Main St, Baton Rouge, LA 70801","Baton Rouge","LA",4.7,11,"Roofing contractor","ChIJrwvYXRweJIYRh2EmVBcdPRI"
"ROOFPROS","+1225-400-6321","2202 Government St, Baton Rouge, LA 70806","Baton Rouge","LA",4.1,8,"Roofing contractor","ChIJt_pNT6KhJoYRf5JxVTDy9lk"
"Pristine Roofing & Construction, LLC","+1225-888-3311","1361 Patrick Dr, Baton Rouge, LA 70810","Baton Rouge","LA",3.7,9,"Roofing contractor","ChIJaUo-msalJoYRWZw_7zE7lRQ"
"Big Easy Siding - Baton Rouge Siding & Roofing Contractors","+1225-285-4935","5163 Sleepy Hollow Dr, Baton Rouge, LA 70817","Baton Rouge","LA",5,8,"Roofing contractor","ChIJpw1tkcq7JoYRvX6vnM3n4oA"
"Gunn Home Improvement","+1225-953-1153","9655 Perkins Rd ste c-124, Baton Rouge, LA 70810","Baton Rouge","LA",4.7,13,"Roofing contractor","ChIJG-0k7FylJoYRqh3iEKj3rBw"
"VR&C, LLC","+1225-445-6395","8485 Madrid Ave, Baton Rouge, LA 70814","Baton Rouge","LA",5,5,"Roofing contractor","ChIJdWRhshejJoYRurq5P9Jf5g4"
"South Pointe Roofing","+1877-434-3546","1320 Main St, Columbia, SC 29201","Columbia","SC",3.2,9,"Roofing contractor","ChIJq6p61iq7-IgRJrkuIoaLW1I"
"Best Choice Construction Roofing Contractors","+1803-741-4191","West Columbia, SC 29169","Columbia","SC",4.4,21,"Roofing contractor","ChIJ76KCzOu8-IgR4aMiWaGeVwo"
"Quality Roofing Columbia","+1833-889-2168","207 S Prospect St, Columbia, SC 29205","Columbia","SC",5,2,"Roofing contractor","ChIJW7pI5xWw-IgRqVwIs2mByps"
"Custom Roofing of South Carolina, Inc.","+1803-783-3033","108 Bombay Dr, Columbia, SC 29209","Columbia","SC",4.3,12,"Roofing contractor","ChIJc8x3OL-w-IgRnJXRTc7a1zQ"
"Columbia Roofing Solutions","+1833-830-0935","2700 Broad River Rd, Columbia, SC 29210","Columbia","SC",4,15,"Roofing contractor","ChIJVVVVVaWj-IgRxdwmW7WM094"
"Oliver Columbia Roofing","","1625c Charleston Hwy, West Columbia, SC 29169","Columbia","SC",4.2,9,"Roofing contractor","ChIJE2hQGvG7-IgR4Fa0C5KdIEU"
"CSS Roofing","+1803-851-0630","1060 Chris Dr, West Columbia, SC 29169","Columbia","SC",4,8,"Roofing contractor","ChIJa6n_z8-8-IgRIMw0ZKNY91g"
"Crescent Roofing & Remodeling","+1803-800-2615","Lexington, SC 29073","Columbia","SC",4.8,79,"Roofing contractor","ChIJnyySaSeX-IgR6C91dMOLVFs"
"Hallmark Roofing & Sheet Metal","","709A Oakland Ave, West Columbia, SC 29169","Columbia","SC",4.8,6,"Roofing contractor","ChIJzTkMQ4u8-IgRDJFFtH-ErVA"
"Charleston Roofing Experts","+1855-660-0341","80 Folly Rd Blvd, Charleston, SC 29407","Charleston","SC",4.7,59,"Roofing contractor","ChIJ54Lxi_4q_IgRwNqLhoxXsb4"
"B&C Roofing, Sheet Metal, and Construction, LLC","+1843-330-0618","","Charleston","SC",5,4,"Roofing contractor","ChIJsTC9bFN-_ogRPQOMGTSJ-L4"
"North Charleston Roofing Contractors","+1843-938-8585","7811 Rivers Ave, North Charleston, SC 29406","Charleston","SC",4.4,5,"Roofing contractor","ChIJg4AMaV1g_ogRx5RZH8vIBFo"
"Marshall Construction, LLC","+1843-909-3112","","Charleston","SC",4.4,16,"Roofing contractor","ChIJa4w1l0mv_ogR0hyVSIkH7m4"
"Hart Roofing & Sheet Metal Co","+1843-559-9432","115 Lochaven Dr #105, Charleston, SC 29414","Charleston","SC",3.4,5,"Roofing contractor","ChIJsfw0Ck1-_ogRtir8yiVyqEE"
"Elevate Roofing Company","+1804-390-8360","11 S 12th St, Richmond, VA 23219","Richmond","VA",5,3,"Roofing contractor","ChIJDUzJh0kRsYkRF8Vr1D4Uw7M"
"Richmond's Best Roofing","+1352-489-4663","800 E Broad St, Richmond, VA 23219","Richmond","VA",5,17,"Roofing contractor","ChIJZ5-yTkhk6IgRw5aSOt80XdA"
"Richmond Roofing","+1804-602-1608","2806 Decatur St, Richmond, VA 23224","Richmond","VA",4.6,10,"Roofing contractor","ChIJv9vaoZgRsYkRammslEIjnlA"
"Slope Scope","+1804-447-6343","406 W Franklin St, Richmond, VA 23220","Richmond","VA",5,17,"Roofing contractor","ChIJYYMUYB4jsYkRoDNUioKszsI"
"Tanner's Quality Roofing LLC","+1804-665-5478","Richmond, VA 23260","Richmond","VA",5,28,"Roofing contractor","ChIJragj0i4TsYkRQ_Eei89w4tI"
"Navarro Family Roofing LLC","+1804-607-9500","9110 W Broad St, Richmond, VA 23294","Richmond","VA",4.8,108,"Roofing contractor","ChIJVwZqeZkVsYkRaSiCF3u7_2Y"
"Velasquez Roofing","+1804-625-5586","","Richmond","VA",5,8,"Roofing contractor","ChIJDzoI0qhOhiURRVQpCfFdFVc"
"TerraFirma Roofers","+1804-531-5998","1417 W Main St Suite 9, Richmond, VA 23220","Richmond","VA",5,2,"Roofing contractor","ChIJZy1MNyoRsYkR4VT_x63Vgpk"
"Pleased Richmond Roofing Contractors: Roof Replacement, Repair, Installation & Attic Clean Up Experts","+1804-455-9670","3015 Fendall Ave #162, Richmond, VA 23222","Richmond","VA",5,9,"Roofing contractor","ChIJF7kB-6oXsYkRm19GQXy-R-s"
"Duke Brothers Roofers LLC","+1804-391-8721","10216 Staples Mill Rd #1032, Glen Allen, VA 23060","Richmond","VA",4.8,55,"Roofing contractor","ChIJv3M0-tw_sYkR4WAbnQEeQ3E"
"Cascante Contracting, Inc.","+1804-231-0555","3329 Broad Rock Blvd, Richmond, VA 23224","Richmond","VA",4.9,13,"Roofing contractor","ChIJPwJPbPANsYkRByme-Z2h8sQ"
"Alberts Specialty Roofing","+1804-602-1609","1005 Forest View Dr, Richmond, VA 23225","Richmond","VA",3.9,11,"Roofing contractor","ChIJWYI16DUSsYkRVolEBtb-YvI"
"A-OK Roofing","+1804-221-7874","4815 Turner Rd #4121, Richmond, VA 23234","Richmond","VA",3.7,9,"Roofing contractor","ChIJK30pSqkNsYkRIlcPTNCh-fY"
"ABC Metal Roofing LLC","+1804-602-1605","2941 Space Rd, Richmond, VA 23234","Richmond","VA",5,4,"Roofing contractor","ChIJ9yQ13ucPsYkRkHC9kqgpKZE"
"Eastern Roofing","+1757-693-2622","419 S Lynnhaven Rd #110, Virginia Beach, VA 23452","Virginia Beach","VA",5,5,"Roofing contractor","ChIJF_Q_r6rruokRSoO86a9BxBU"
"Accent Home Improvements and Repairs","+1757-735-2565","596 Sea Oats Way, Virginia Beach, VA 23451","Virginia Beach","VA",4.7,62,"Roofing contractor","ChIJ_zcjyQ3AuokR4FxMaTbUaSE"
"Mr. Sparkle 757, Landscaping & Power Washing Experts","+1757-765-4550","","Virginia Beach","VA",5,134,"Pressure washing service","ChIJfV-3A2aluokRUQ4ePEQSd58"
"East Coast Cedar Co Inc","+1757-468-9274","2801 Crusader Cir, Virginia Beach, VA 23453","Virginia Beach","VA",4,5,"Roofing contractor","ChIJBQatehTAuokRsFFazx5Vhqg"
"Tiderock Construction LLC","","","Virginia Beach","VA",4,3,"Roofing contractor","ChIJ5VbunvrruokRCEwCfcJRNDM"
"Roofing Repair Kansas City","+1816-552-1989","3719 E 12th St, Kansas City, MO 64127","Kansas City","MO",4.1,18,"Roofing contractor","ChIJDeQfVe78wIcRyJm4eGN6p00"
"Quality Roofing Kansas City","+1855-513-5173","3901 Prospect Ave, Kansas City, MO 64130","Kansas City","MO",5,4,"Roofing contractor","ChIJ36VtRRjlwIcRr2Sx6t0yMt8"
"Palacios Repair llc","+1816-499-0884","4706 E 40th Terrace, Kansas City, MO 64130","Kansas City","MO",5,3,"Roofing contractor","ChIJNexb0lrlwIcRZBCHofcHAjU"
"Newbill Roofing Company","+1913-777-9588","","Kansas City","MO",4.8,49,"Roofing contractor","ChIJq6o6JoGJwIcRb1Ee32Tn6mM"
"Right the First Time Roofing","+1816-383-1576","1206 W Chestnut, Savannah, MO 64485","Kansas City","MO",5,8,"Roofing contractor","ChIJoYxX1tin6ocR2ydAn9LO0UM"
"NSG Contracting","+1816-291-1323","3203 E 10th St, Kansas City, MO 64127","Kansas City","MO",4.6,17,"Roofing contractor","ChIJ3TQQuYz7wIcRED1y9UNgyv0"
"Reliable Roofing Kansas City","+1866-644-2843","3936 Rainbow Blvd, Kansas City, KS 66103","Kansas City","MO",3.8,6,"Roofing contractor","ChIJQ9nTOhvuwIcRLJkvx4poOyg"
"T & W Exteriors LLC","+1800-646-0955","1417 Jackson Ave, Kansas City, MO 64127","Kansas City","MO",5,6,"Roofing contractor","ChIJq6TLWFMCwYcR59QyzEAM3hY"